2026-05-14 09:50:55.711 [main] ERROR c.p.g.e.client.internal.exception.ConfigException.<init>:23 - ConfigHelper - getProperty WILDCARD_IC_I is missing or blank
2026-05-14 12:16:26.157 [main] ERROR c.p.g.e.client.internal.exception.ConfigException.<init>:23 - ConfigHelper - getProperty WILDCARD_IC_I is missing or blank
2026-05-14 15:26:38.660 [main] ERROR c.p.g.e.client.internal.exception.ConfigException.<init>:23 - ConfigHelper - getProperty WILDCARD_IC_I is missing or blank
2026-05-14 15:26:39.085 [main] ERROR c.p.g.esb.client.exception.ESBClientException.<init>:14 - ESBClient - startEsbClient - ProtocolException
com.psa.gtosplus.esb.client.internal.exception.ProtocolException: SmfPubSub - start - JCSMPException
	at com.psa.gtosplus.esb.client.internal.protocol.SmfPubSub.start(SmfPubSub.java:1424)
	at com.psa.gtosplus.esb.client.ESBClient.startEsbClient(ESBClient.java:625)
	at com.lleewell.esbclient.reliability.reconnect.EsbReconnectHandler.tryStart(EsbReconnectHandler.java:50)
	at com.lleewell.esbclient.service.EsbClientService.init(EsbClientService.java:162)
	at java.base/jdk.internal.reflect.NativeMethodAccessorImpl.invoke0(Native Method)
	at java.base/jdk.internal.reflect.NativeMethodAccessorImpl.invoke(NativeMethodAccessorImpl.java:77)
	at java.base/jdk.internal.reflect.DelegatingMethodAccessorImpl.invoke(DelegatingMethodAccessorImpl.java:43)
	at java.base/java.lang.reflect.Method.invoke(Method.java:568)
	at org.springframework.beans.factory.annotation.InitDestroyAnnotationBeanPostProcessor$LifecycleMethod.invoke(InitDestroyAnnotationBeanPostProcessor.java:457)
	at org.springframework.beans.factory.annotation.InitDestroyAnnotationBeanPostProcessor$LifecycleMetadata.invokeInitMethods(InitDestroyAnnotationBeanPostProcessor.java:401)
	at org.springframework.beans.factory.annotation.InitDestroyAnnotationBeanPostProcessor.postProcessBeforeInitialization(InitDestroyAnnotationBeanPostProcessor.java:219)
	at org.springframework.beans.factory.support.AbstractAutowireCapableBeanFactory.applyBeanPostProcessorsBeforeInitialization(AbstractAutowireCapableBeanFactory.java:429)
	at org.springframework.beans.factory.support.AbstractAutowireCapableBeanFactory.initializeBean(AbstractAutowireCapableBeanFactory.java:1810)
	at org.springframework.beans.factory.support.AbstractAutowireCapableBeanFactory.doCreateBean(AbstractAutowireCapableBeanFactory.java:607)
	at org.springframework.beans.factory.support.AbstractAutowireCapableBeanFactory.createBean(AbstractAutowireCapableBeanFactory.java:529)
	at org.springframework.beans.factory.support.AbstractBeanFactory.lambda$doGetBean$0(AbstractBeanFactory.java:339)
	at org.springframework.beans.factory.support.DefaultSingletonBeanRegistry.getSingleton(DefaultSingletonBeanRegistry.java:371)
	at org.springframework.beans.factory.support.AbstractBeanFactory.doGetBean(AbstractBeanFactory.java:337)
	at org.springframework.beans.factory.support.AbstractBeanFactory.getBean(AbstractBeanFactory.java:202)
	at org.springframework.beans.factory.support.DefaultListableBeanFactory.doResolveDependency(DefaultListableBeanFactory.java:1681)
	at org.springframework.beans.factory.support.DefaultListableBeanFactory.resolveDependency(DefaultListableBeanFactory.java:1627)
	at org.springframework.beans.factory.annotation.AutowiredAnnotationBeanPostProcessor$AutowiredFieldElement.resolveFieldValue(AutowiredAnnotationBeanPostProcessor.java:785)
	at org.springframework.beans.factory.annotation.AutowiredAnnotationBeanPostProcessor$AutowiredFieldElement.inject(AutowiredAnnotationBeanPostProcessor.java:768)
	at org.springframework.beans.factory.annotation.InjectionMetadata.inject(InjectionMetadata.java:146)
	at org.springframework.beans.factory.annotation.AutowiredAnnotationBeanPostProcessor.postProcessProperties(AutowiredAnnotationBeanPostProcessor.java:509)
	at org.springframework.beans.factory.support.AbstractAutowireCapableBeanFactory.populateBean(AbstractAutowireCapableBeanFactory.java:1451)
	at org.springframework.beans.factory.support.AbstractAutowireCapableBeanFactory.doCreateBean(AbstractAutowireCapableBeanFactory.java:606)
	at org.springframework.beans.factory.support.AbstractAutowireCapableBeanFactory.createBean(AbstractAutowireCapableBeanFactory.java:529)
	at org.springframework.beans.factory.support.AbstractBeanFactory.lambda$doGetBean$0(AbstractBeanFactory.java:339)
	at org.springframework.beans.factory.support.DefaultSingletonBeanRegistry.getSingleton(DefaultSingletonBeanRegistry.java:371)
	at org.springframework.beans.factory.support.AbstractBeanFactory.doGetBean(AbstractBeanFactory.java:337)
	at org.springframework.beans.factory.support.AbstractBeanFactory.getBean(AbstractBeanFactory.java:202)
	at org.springframework.beans.factory.support.DefaultListableBeanFactory.instantiateSingleton(DefaultListableBeanFactory.java:1221)
	at org.springframework.beans.factory.support.DefaultListableBeanFactory.preInstantiateSingleton(DefaultListableBeanFactory.java:1187)
	at org.springframework.beans.factory.support.DefaultListableBeanFactory.preInstantiateSingletons(DefaultListableBeanFactory.java:1122)
	at org.springframework.context.support.AbstractApplicationContext.finishBeanFactoryInitialization(AbstractApplicationContext.java:987)
	at org.springframework.context.support.AbstractApplicationContext.refresh(AbstractApplicationContext.java:627)
	at org.springframework.boot.web.servlet.context.ServletWebServerApplicationContext.refresh(ServletWebServerApplicationContext.java:146)
	at org.springframework.boot.SpringApplication.refresh(SpringApplication.java:753)
	at org.springframework.boot.SpringApplication.refreshContext(SpringApplication.java:439)
	at org.springframework.boot.SpringApplication.run(SpringApplication.java:318)
	at org.springframework.boot.SpringApplication.run(SpringApplication.java:1362)
	at org.springframework.boot.SpringApplication.run(SpringApplication.java:1351)
	at com.lleewell.esbclient.EsbClientApplication.main(EsbClientApplication.java:20)
	at java.base/jdk.internal.reflect.NativeMethodAccessorImpl.invoke0(Native Method)
	at java.base/jdk.internal.reflect.NativeMethodAccessorImpl.invoke(NativeMethodAccessorImpl.java:77)
	at java.base/jdk.internal.reflect.DelegatingMethodAccessorImpl.invoke(DelegatingMethodAccessorImpl.java:43)
	at java.base/java.lang.reflect.Method.invoke(Method.java:568)
	at org.springframework.boot.loader.launch.Launcher.launch(Launcher.java:102)
	at org.springframework.boot.loader.launch.Launcher.launch(Launcher.java:64)
	at org.springframework.boot.loader.launch.JarLauncher.main(JarLauncher.java:40)
Caused by: com.solacesystems.jcsmp.JCSMPTransportException: Error receiving data from underlying connection.
	at com.solacesystems.jcsmp.protocol.impl.TcpClientChannel.handleException(TcpClientChannel.java:1314)
	at com.solacesystems.jcsmp.protocol.impl.TcpClientChannel.handleException(TcpClientChannel.java:1273)
	at com.solacesystems.jcsmp.protocol.nio.impl.SubscriberMessageReader.handleClosedSocketDuringRead(SubscriberMessageReader.java:197)
	at com.solacesystems.jcsmp.protocol.smf.SimpleSmfClient.handleClosedSocketDuringRead(SimpleSmfClient.java:1159)
	at com.solacesystems.jcsmp.protocol.nio.impl.SyncEventDispatcherReactor.processReactorChannels(SyncEventDispatcherReactor.java:229)
	at com.solacesystems.jcsmp.protocol.nio.impl.SyncEventDispatcherReactor.eventLoop(SyncEventDispatcherReactor.java:157)
	at com.solacesystems.jcsmp.protocol.nio.impl.SyncEventDispatcherReactor$SEDReactorThread.run(SyncEventDispatcherReactor.java:338)
	at java.base/java.lang.Thread.run(Thread.java:842)
Caused by: com.solacesystems.jcsmp.protocol.smf.SmfClientIOException: null
	... 8 common frames omitted
2026-05-14 15:26:39.101 [main] ERROR com.psa.gtosplus.esb.client.ESBClient.startEsbClient:656 - ESBClient - startEsbClient
com.psa.gtosplus.esb.client.exception.ESBClientException: ESBClient - startEsbClient - ProtocolException
	at com.psa.gtosplus.esb.client.ESBClient.startEsbClient(ESBClient.java:627)
	at com.lleewell.esbclient.reliability.reconnect.EsbReconnectHandler.tryStart(EsbReconnectHandler.java:50)
	at com.lleewell.esbclient.service.EsbClientService.init(EsbClientService.java:162)
	at java.base/jdk.internal.reflect.NativeMethodAccessorImpl.invoke0(Native Method)
	at java.base/jdk.internal.reflect.NativeMethodAccessorImpl.invoke(NativeMethodAccessorImpl.java:77)
	at java.base/jdk.internal.reflect.DelegatingMethodAccessorImpl.invoke(DelegatingMethodAccessorImpl.java:43)
	at java.base/java.lang.reflect.Method.invoke(Method.java:568)
	at org.springframework.beans.factory.annotation.InitDestroyAnnotationBeanPostProcessor$LifecycleMethod.invoke(InitDestroyAnnotationBeanPostProcessor.java:457)
	at org.springframework.beans.factory.annotation.InitDestroyAnnotationBeanPostProcessor$LifecycleMetadata.invokeInitMethods(InitDestroyAnnotationBeanPostProcessor.java:401)
	at org.springframework.beans.factory.annotation.InitDestroyAnnotationBeanPostProcessor.postProcessBeforeInitialization(InitDestroyAnnotationBeanPostProcessor.java:219)
	at org.springframework.beans.factory.support.AbstractAutowireCapableBeanFactory.applyBeanPostProcessorsBeforeInitialization(AbstractAutowireCapableBeanFactory.java:429)
	at org.springframework.beans.factory.support.AbstractAutowireCapableBeanFactory.initializeBean(AbstractAutowireCapableBeanFactory.java:1810)
	at org.springframework.beans.factory.support.AbstractAutowireCapableBeanFactory.doCreateBean(AbstractAutowireCapableBeanFactory.java:607)
	at org.springframework.beans.factory.support.AbstractAutowireCapableBeanFactory.createBean(AbstractAutowireCapableBeanFactory.java:529)
	at org.springframework.beans.factory.support.AbstractBeanFactory.lambda$doGetBean$0(AbstractBeanFactory.java:339)
	at org.springframework.beans.factory.support.DefaultSingletonBeanRegistry.getSingleton(DefaultSingletonBeanRegistry.java:371)
	at org.springframework.beans.factory.support.AbstractBeanFactory.doGetBean(AbstractBeanFactory.java:337)
	at org.springframework.beans.factory.support.AbstractBeanFactory.getBean(AbstractBeanFactory.java:202)
	at org.springframework.beans.factory.support.DefaultListableBeanFactory.doResolveDependency(DefaultListableBeanFactory.java:1681)
	at org.springframework.beans.factory.support.DefaultListableBeanFactory.resolveDependency(DefaultListableBeanFactory.java:1627)
	at org.springframework.beans.factory.annotation.AutowiredAnnotationBeanPostProcessor$AutowiredFieldElement.resolveFieldValue(AutowiredAnnotationBeanPostProcessor.java:785)
	at org.springframework.beans.factory.annotation.AutowiredAnnotationBeanPostProcessor$AutowiredFieldElement.inject(AutowiredAnnotationBeanPostProcessor.java:768)
	at org.springframework.beans.factory.annotation.InjectionMetadata.inject(InjectionMetadata.java:146)
	at org.springframework.beans.factory.annotation.AutowiredAnnotationBeanPostProcessor.postProcessProperties(AutowiredAnnotationBeanPostProcessor.java:509)
	at org.springframework.beans.factory.support.AbstractAutowireCapableBeanFactory.populateBean(AbstractAutowireCapableBeanFactory.java:1451)
	at org.springframework.beans.factory.support.AbstractAutowireCapableBeanFactory.doCreateBean(AbstractAutowireCapableBeanFactory.java:606)
	at org.springframework.beans.factory.support.AbstractAutowireCapableBeanFactory.createBean(AbstractAutowireCapableBeanFactory.java:529)
	at org.springframework.beans.factory.support.AbstractBeanFactory.lambda$doGetBean$0(AbstractBeanFactory.java:339)
	at org.springframework.beans.factory.support.DefaultSingletonBeanRegistry.getSingleton(DefaultSingletonBeanRegistry.java:371)
	at org.springframework.beans.factory.support.AbstractBeanFactory.doGetBean(AbstractBeanFactory.java:337)
	at org.springframework.beans.factory.support.AbstractBeanFactory.getBean(AbstractBeanFactory.java:202)
	at org.springframework.beans.factory.support.DefaultListableBeanFactory.instantiateSingleton(DefaultListableBeanFactory.java:1221)
	at org.springframework.beans.factory.support.DefaultListableBeanFactory.preInstantiateSingleton(DefaultListableBeanFactory.java:1187)
	at org.springframework.beans.factory.support.DefaultListableBeanFactory.preInstantiateSingletons(DefaultListableBeanFactory.java:1122)
	at org.springframework.context.support.AbstractApplicationContext.finishBeanFactoryInitialization(AbstractApplicationContext.java:987)
	at org.springframework.context.support.AbstractApplicationContext.refresh(AbstractApplicationContext.java:627)
	at org.springframework.boot.web.servlet.context.ServletWebServerApplicationContext.refresh(ServletWebServerApplicationContext.java:146)
	at org.springframework.boot.SpringApplication.refresh(SpringApplication.java:753)
	at org.springframework.boot.SpringApplication.refreshContext(SpringApplication.java:439)
	at org.springframework.boot.SpringApplication.run(SpringApplication.java:318)
	at org.springframework.boot.SpringApplication.run(SpringApplication.java:1362)
	at org.springframework.boot.SpringApplication.run(SpringApplication.java:1351)
	at com.lleewell.esbclient.EsbClientApplication.main(EsbClientApplication.java:20)
	at java.base/jdk.internal.reflect.NativeMethodAccessorImpl.invoke0(Native Method)
	at java.base/jdk.internal.reflect.NativeMethodAccessorImpl.invoke(NativeMethodAccessorImpl.java:77)
	at java.base/jdk.internal.reflect.DelegatingMethodAccessorImpl.invoke(DelegatingMethodAccessorImpl.java:43)
	at java.base/java.lang.reflect.Method.invoke(Method.java:568)
	at org.springframework.boot.loader.launch.Launcher.launch(Launcher.java:102)
	at org.springframework.boot.loader.launch.Launcher.launch(Launcher.java:64)
	at org.springframework.boot.loader.launch.JarLauncher.main(JarLauncher.java:40)
Caused by: com.psa.gtosplus.esb.client.internal.exception.ProtocolException: SmfPubSub - start - JCSMPException
	at com.psa.gtosplus.esb.client.internal.protocol.SmfPubSub.start(SmfPubSub.java:1424)
	at com.psa.gtosplus.esb.client.ESBClient.startEsbClient(ESBClient.java:625)
	... 49 common frames omitted
Caused by: com.solacesystems.jcsmp.JCSMPTransportException: Error receiving data from underlying connection.
	at com.solacesystems.jcsmp.protocol.impl.TcpClientChannel.handleException(TcpClientChannel.java:1314)
	at com.solacesystems.jcsmp.protocol.impl.TcpClientChannel.handleException(TcpClientChannel.java:1273)
	at com.solacesystems.jcsmp.protocol.nio.impl.SubscriberMessageReader.handleClosedSocketDuringRead(SubscriberMessageReader.java:197)
	at com.solacesystems.jcsmp.protocol.smf.SimpleSmfClient.handleClosedSocketDuringRead(SimpleSmfClient.java:1159)
	at com.solacesystems.jcsmp.protocol.nio.impl.SyncEventDispatcherReactor.processReactorChannels(SyncEventDispatcherReactor.java:229)
	at com.solacesystems.jcsmp.protocol.nio.impl.SyncEventDispatcherReactor.eventLoop(SyncEventDispatcherReactor.java:157)
	at com.solacesystems.jcsmp.protocol.nio.impl.SyncEventDispatcherReactor$SEDReactorThread.run(SyncEventDispatcherReactor.java:338)
	at java.base/java.lang.Thread.run(Thread.java:842)
Caused by: com.solacesystems.jcsmp.protocol.smf.SmfClientIOException: null
	... 8 common frames omitted
2026-05-14 15:26:39.101 [main] ERROR c.l.e.reliability.reconnect.EsbReconnectHandler.tryStart:52 - Failed to start ESB client, return code: -1
2026-05-14 15:26:39.610 [esb-reconnect-0] ERROR c.p.g.e.client.internal.exception.ConfigException.<init>:23 - ConfigHelper - getProperty WILDCARD_IC_I is missing or blank
2026-05-14 15:26:39.902 [esb-reconnect-0] ERROR c.p.g.esb.client.exception.ESBClientException.<init>:14 - ESBClient - startEsbClient - ProtocolException
com.psa.gtosplus.esb.client.internal.exception.ProtocolException: SmfPubSub2 - start - JCSMPException
	at com.psa.gtosplus.esb.client.internal.protocol.SmfPubSub.start(SmfPubSub.java:1378)
	at com.psa.gtosplus.esb.client.ESBClient.startEsbClient(ESBClient.java:625)
	at com.lleewell.esbclient.reliability.reconnect.EsbReconnectHandler.attemptReconnect(EsbReconnectHandler.java:101)
	at java.base/java.util.concurrent.Executors$RunnableAdapter.call(Executors.java:539)
	at java.base/java.util.concurrent.FutureTask.run(FutureTask.java:264)
	at java.base/java.util.concurrent.ScheduledThreadPoolExecutor$ScheduledFutureTask.run(ScheduledThreadPoolExecutor.java:304)
	at java.base/java.util.concurrent.ThreadPoolExecutor.runWorker(ThreadPoolExecutor.java:1136)
	at java.base/java.util.concurrent.ThreadPoolExecutor$Worker.run(ThreadPoolExecutor.java:635)
	at java.base/java.lang.Thread.run(Thread.java:842)
Caused by: com.solacesystems.jcsmp.JCSMPTransportException: transport exception
	at com.solacesystems.jcsmp.protocol.impl.TcpClientChannel.doSmfSharedRequest(TcpClientChannel.java:1153)
	at com.solacesystems.jcsmp.protocol.impl.TcpClientChannel.doSmfSharedRequest(TcpClientChannel.java:1107)
	at com.solacesystems.jcsmp.protocol.impl.TcpClientChannel.doSmfSharedRequest(TcpClientChannel.java:1076)
	at com.solacesystems.jcsmp.protocol.impl.TcpClientChannel.doSmfSharedRequest(TcpClientChannel.java:1069)
	at com.solacesystems.jcsmp.protocol.impl.TcpClientChannel.doSmfSharedRequest(TcpClientChannel.java:1064)
	at com.solacesystems.jcsmp.impl.flow.PubFlowManager.doPubAssuredCtrl(PubFlowManager.java:290)
	at com.solacesystems.jcsmp.impl.flow.PubFlowManager.createDefaultProducer(PubFlowManager.java:108)
	at com.solacesystems.jcsmp.impl.SessionModeSupportClient.getMessageProducer(SessionModeSupportClient.java:411)
	at com.solacesystems.jcsmp.impl.JCSMPBasicSession.getMessageProducer(JCSMPBasicSession.java:678)
	at com.psa.gtosplus.esb.client.internal.protocol.SmfPubSub.start(SmfPubSub.java:1376)
	... 8 common frames omitted
Caused by: com.solacesystems.jcsmp.protocol.smf.SmfClientIOException: Local port: 55752   Remote addr: 10.150.130.1  Remote port: 55555Error occurred in write: java.nio.channels.ClosedChannelException
	at com.solacesystems.jcsmp.protocol.smf.SimpleSmfClient.doSmfSharedWrite(SimpleSmfClient.java:571)
	at com.solacesystems.jcsmp.protocol.impl.TcpClientChannel.doSmfSharedRequest(TcpClientChannel.java:1141)
	... 17 common frames omitted
2026-05-14 15:26:39.902 [esb-reconnect-0] ERROR com.psa.gtosplus.esb.client.ESBClient.startEsbClient:656 - ESBClient - startEsbClient
com.psa.gtosplus.esb.client.exception.ESBClientException: ESBClient - startEsbClient - ProtocolException
	at com.psa.gtosplus.esb.client.ESBClient.startEsbClient(ESBClient.java:627)
	at com.lleewell.esbclient.reliability.reconnect.EsbReconnectHandler.attemptReconnect(EsbReconnectHandler.java:101)
	at java.base/java.util.concurrent.Executors$RunnableAdapter.call(Executors.java:539)
	at java.base/java.util.concurrent.FutureTask.run(FutureTask.java:264)
	at java.base/java.util.concurrent.ScheduledThreadPoolExecutor$ScheduledFutureTask.run(ScheduledThreadPoolExecutor.java:304)
	at java.base/java.util.concurrent.ThreadPoolExecutor.runWorker(ThreadPoolExecutor.java:1136)
	at java.base/java.util.concurrent.ThreadPoolExecutor$Worker.run(ThreadPoolExecutor.java:635)
	at java.base/java.lang.Thread.run(Thread.java:842)
Caused by: com.psa.gtosplus.esb.client.internal.exception.ProtocolException: SmfPubSub2 - start - JCSMPException
	at com.psa.gtosplus.esb.client.internal.protocol.SmfPubSub.start(SmfPubSub.java:1378)
	at com.psa.gtosplus.esb.client.ESBClient.startEsbClient(ESBClient.java:625)
	... 7 common frames omitted
Caused by: com.solacesystems.jcsmp.JCSMPTransportException: transport exception
	at com.solacesystems.jcsmp.protocol.impl.TcpClientChannel.doSmfSharedRequest(TcpClientChannel.java:1153)
	at com.solacesystems.jcsmp.protocol.impl.TcpClientChannel.doSmfSharedRequest(TcpClientChannel.java:1107)
	at com.solacesystems.jcsmp.protocol.impl.TcpClientChannel.doSmfSharedRequest(TcpClientChannel.java:1076)
	at com.solacesystems.jcsmp.protocol.impl.TcpClientChannel.doSmfSharedRequest(TcpClientChannel.java:1069)
	at com.solacesystems.jcsmp.protocol.impl.TcpClientChannel.doSmfSharedRequest(TcpClientChannel.java:1064)
	at com.solacesystems.jcsmp.impl.flow.PubFlowManager.doPubAssuredCtrl(PubFlowManager.java:290)
	at com.solacesystems.jcsmp.impl.flow.PubFlowManager.createDefaultProducer(PubFlowManager.java:108)
	at com.solacesystems.jcsmp.impl.SessionModeSupportClient.getMessageProducer(SessionModeSupportClient.java:411)
	at com.solacesystems.jcsmp.impl.JCSMPBasicSession.getMessageProducer(JCSMPBasicSession.java:678)
	at com.psa.gtosplus.esb.client.internal.protocol.SmfPubSub.start(SmfPubSub.java:1376)
	... 8 common frames omitted
Caused by: com.solacesystems.jcsmp.protocol.smf.SmfClientIOException: Local port: 55752   Remote addr: 10.150.130.1  Remote port: 55555Error occurred in write: java.nio.channels.ClosedChannelException
	at com.solacesystems.jcsmp.protocol.smf.SimpleSmfClient.doSmfSharedWrite(SimpleSmfClient.java:571)
	at com.solacesystems.jcsmp.protocol.impl.TcpClientChannel.doSmfSharedRequest(TcpClientChannel.java:1141)
	... 17 common frames omitted
2026-05-14 15:26:39.902 [esb-reconnect-0] ERROR c.l.e.reliability.reconnect.EsbReconnectHandler.attemptReconnect:103 - ESB reconnect attempt 1 failed, return code: -1
2026-05-14 15:26:40.328 [main] ERROR c.p.g.esb.client.internal.protocol.SmfPubSub.addSubscription:1752 - SMF addSubscription
com.solacesystems.jcsmp.JCSMPTransportException: transport exception
	at com.solacesystems.jcsmp.protocol.impl.TcpClientChannel.doSmfSharedRequest(TcpClientChannel.java:1153)
	at com.solacesystems.jcsmp.protocol.impl.TcpClientChannel.doSmfSharedRequest(TcpClientChannel.java:1107)
	at com.solacesystems.jcsmp.protocol.impl.TcpClientChannel.doSmfSharedRequest(TcpClientChannel.java:1076)
	at com.solacesystems.jcsmp.protocol.impl.TcpClientChannel.doSmfSharedRequest(TcpClientChannel.java:1069)
	at com.solacesystems.jcsmp.protocol.impl.TcpClientChannel.doSmfSharedRequest(TcpClientChannel.java:1064)
	at com.solacesystems.jcsmp.protocol.impl.TcpClientChannel.doSmpRequest(TcpClientChannel.java:939)
	at com.solacesystems.jcsmp.impl.SessionModeSupportClient.performSmpReq(SessionModeSupportClient.java:256)
	at com.solacesystems.jcsmp.impl.SessionModeSupportClient.addSubscription(SessionModeSupportClient.java:230)
	at com.solacesystems.jcsmp.impl.JCSMPBasicSession.addSubscription(JCSMPBasicSession.java:867)
	at com.psa.gtosplus.esb.client.internal.protocol.SmfPubSub.addSubscription(SmfPubSub.java:1746)
	at com.psa.gtosplus.esb.client.ESBClient.addSubscription(ESBClient.java:1230)
	at com.lleewell.esbclient.service.tcpproxy.EsbTcpService.addSubscription(EsbTcpService.java:287)
	at com.lleewell.esbclient.service.tcpproxy.EsbTcpService.subscribeToEsb(EsbTcpService.java:266)
	at com.lleewell.esbclient.service.SubscribeService.subscribeToEsb(SubscribeService.java:312)
	at com.lleewell.esbclient.service.SubscribeService.initSmfSubscription(SubscribeService.java:282)
	at com.lleewell.esbclient.service.SubscribeService.init(SubscribeService.java:144)
	at com.lleewell.esbclient.service.DataForwardingService.init(DataForwardingService.java:65)
	at java.base/jdk.internal.reflect.NativeMethodAccessorImpl.invoke0(Native Method)
	at java.base/jdk.internal.reflect.NativeMethodAccessorImpl.invoke(NativeMethodAccessorImpl.java:77)
	at java.base/jdk.internal.reflect.DelegatingMethodAccessorImpl.invoke(DelegatingMethodAccessorImpl.java:43)
	at java.base/java.lang.reflect.Method.invoke(Method.java:568)
	at org.springframework.beans.factory.annotation.InitDestroyAnnotationBeanPostProcessor$LifecycleMethod.invoke(InitDestroyAnnotationBeanPostProcessor.java:457)
	at org.springframework.beans.factory.annotation.InitDestroyAnnotationBeanPostProcessor$LifecycleMetadata.invokeInitMethods(InitDestroyAnnotationBeanPostProcessor.java:401)
	at org.springframework.beans.factory.annotation.InitDestroyAnnotationBeanPostProcessor.postProcessBeforeInitialization(InitDestroyAnnotationBeanPostProcessor.java:219)
	at org.springframework.beans.factory.support.AbstractAutowireCapableBeanFactory.applyBeanPostProcessorsBeforeInitialization(AbstractAutowireCapableBeanFactory.java:429)
	at org.springframework.beans.factory.support.AbstractAutowireCapableBeanFactory.initializeBean(AbstractAutowireCapableBeanFactory.java:1810)
	at org.springframework.beans.factory.support.AbstractAutowireCapableBeanFactory.doCreateBean(AbstractAutowireCapableBeanFactory.java:607)
	at org.springframework.beans.factory.support.AbstractAutowireCapableBeanFactory.createBean(AbstractAutowireCapableBeanFactory.java:529)
	at org.springframework.beans.factory.support.AbstractBeanFactory.lambda$doGetBean$0(AbstractBeanFactory.java:339)
	at org.springframework.beans.factory.support.DefaultSingletonBeanRegistry.getSingleton(DefaultSingletonBeanRegistry.java:371)
	at org.springframework.beans.factory.support.AbstractBeanFactory.doGetBean(AbstractBeanFactory.java:337)
	at org.springframework.beans.factory.support.AbstractBeanFactory.getBean(AbstractBeanFactory.java:202)
	at org.springframework.beans.factory.support.DefaultListableBeanFactory.instantiateSingleton(DefaultListableBeanFactory.java:1221)
	at org.springframework.beans.factory.support.DefaultListableBeanFactory.preInstantiateSingleton(DefaultListableBeanFactory.java:1187)
	at org.springframework.beans.factory.support.DefaultListableBeanFactory.preInstantiateSingletons(DefaultListableBeanFactory.java:1122)
	at org.springframework.context.support.AbstractApplicationContext.finishBeanFactoryInitialization(AbstractApplicationContext.java:987)
	at org.springframework.context.support.AbstractApplicationContext.refresh(AbstractApplicationContext.java:627)
	at org.springframework.boot.web.servlet.context.ServletWebServerApplicationContext.refresh(ServletWebServerApplicationContext.java:146)
	at org.springframework.boot.SpringApplication.refresh(SpringApplication.java:753)
	at org.springframework.boot.SpringApplication.refreshContext(SpringApplication.java:439)
	at org.springframework.boot.SpringApplication.run(SpringApplication.java:318)
	at org.springframework.boot.SpringApplication.run(SpringApplication.java:1362)
	at org.springframework.boot.SpringApplication.run(SpringApplication.java:1351)
	at com.lleewell.esbclient.EsbClientApplication.main(EsbClientApplication.java:20)
	at java.base/jdk.internal.reflect.NativeMethodAccessorImpl.invoke0(Native Method)
	at java.base/jdk.internal.reflect.NativeMethodAccessorImpl.invoke(NativeMethodAccessorImpl.java:77)
	at java.base/jdk.internal.reflect.DelegatingMethodAccessorImpl.invoke(DelegatingMethodAccessorImpl.java:43)
	at java.base/java.lang.reflect.Method.invoke(Method.java:568)
	at org.springframework.boot.loader.launch.Launcher.launch(Launcher.java:102)
	at org.springframework.boot.loader.launch.Launcher.launch(Launcher.java:64)
	at org.springframework.boot.loader.launch.JarLauncher.main(JarLauncher.java:40)
Caused by: com.solacesystems.jcsmp.protocol.smf.SmfClientIOException: Local port: 55803   Remote addr: 10.150.130.1  Remote port: 55555Error occurred in write: java.nio.channels.ClosedChannelException
	at com.solacesystems.jcsmp.protocol.smf.SimpleSmfClient.doSmfSharedWrite(SimpleSmfClient.java:571)
	at com.solacesystems.jcsmp.protocol.impl.TcpClientChannel.doSmfSharedRequest(TcpClientChannel.java:1141)
	... 50 common frames omitted
2026-05-14 15:26:43.867 [Context_1_ConsumerDispatcher] ERROR c.p.g.esb.client.internal.protocol.SmfPubSub.onException:1253 - SmfPubSub1 - onException
com.solacesystems.jcsmp.JCSMPTransportException: Unexpected error:Exceeded auto reconnect frequency limit, aborting retry.
	at com.solacesystems.jcsmp.protocol.impl.TcpClientChannel.handleException(TcpClientChannel.java:1348)
	at com.solacesystems.jcsmp.protocol.impl.TcpClientChannel.handleException(TcpClientChannel.java:1273)
	at com.solacesystems.jcsmp.protocol.impl.TcpClientChannel$ReconnectFreqDisconnect.call(TcpClientChannel.java:2357)
	at java.base/java.util.concurrent.FutureTask.run(FutureTask.java:264)
	at java.base/java.util.concurrent.ThreadPoolExecutor.runWorker(ThreadPoolExecutor.java:1136)
	at java.base/java.util.concurrent.ThreadPoolExecutor$Worker.run(ThreadPoolExecutor.java:635)
	at java.base/java.lang.Thread.run(Thread.java:842)
Caused by: com.solacesystems.jcsmp.InvalidOperationException: Exceeded auto reconnect frequency limit, aborting retry.
	at com.solacesystems.jcsmp.impl.ReconnectFreqManager$ClientFreqExceededHandler.handleFreqExceeded(ReconnectFreqManager.java:93)
	at com.solacesystems.jcsmp.impl.ReconnectFreqManager.handleTimeout(ReconnectFreqManager.java:69)
	at com.solacesystems.jcsmp.impl.timers.impl.JCSMPTimerQueueImpl.runAllTo(JCSMPTimerQueueImpl.java:91)
	at com.solacesystems.jcsmp.protocol.nio.impl.SyncEventDispatcherReactor.eventLoop(SyncEventDispatcherReactor.java:168)
	at com.solacesystems.jcsmp.protocol.nio.impl.SyncEventDispatcherReactor$SEDReactorThread.run(SyncEventDispatcherReactor.java:338)
	... 1 common frames omitted
2026-05-14 15:26:43.910 [Context_1_ConsumerDispatcher] ERROR c.p.g.esb.client.internal.protocol.SmfPubSub.publishMessage:1911 - SmfPubSub - publishMessage
com.solacesystems.jcsmp.StaleSessionException: Tried to perform operation on a closed XML message producer
	at com.solacesystems.jcsmp.impl.JCSMPXMLMessageProducer.throwClosedException(JCSMPXMLMessageProducer.java:1463)
	at com.solacesystems.jcsmp.impl.JCSMPXMLMessageProducer.prep_single_send_message_for_publish(JCSMPXMLMessageProducer.java:948)
	at com.solacesystems.jcsmp.impl.JCSMPXMLMessageProducer.sendToDestination(JCSMPXMLMessageProducer.java:847)
	at com.solacesystems.jcsmp.impl.JCSMPXMLMessageProducer.sendToDestination(JCSMPXMLMessageProducer.java:794)
	at com.solacesystems.jcsmp.impl.JCSMPXMLMessageProducer.send(JCSMPXMLMessageProducer.java:614)
	at com.psa.gtosplus.esb.client.internal.protocol.SmfPubSub.publishMessage(SmfPubSub.java:1903)
	at com.psa.gtosplus.esb.client.internal.protocol.SmfPubSub.stop(SmfPubSub.java:1439)
	at com.psa.gtosplus.esb.client.internal.protocol.SmfPubSub.restartSMF(SmfPubSub.java:2565)
	at com.psa.gtosplus.esb.client.internal.protocol.SmfPubSub$2.onException(SmfPubSub.java:1260)
	at com.solacesystems.jcsmp.protocol.nio.impl.ConsumerErrorNotification.handleNotification(ConsumerErrorNotification.java:39)
	at com.solacesystems.jcsmp.protocol.nio.impl.ConsumerNotificationDispatcher.eventLoop(ConsumerNotificationDispatcher.java:112)
	at com.solacesystems.jcsmp.protocol.nio.impl.ConsumerNotificationDispatcher.run(ConsumerNotificationDispatcher.java:130)
	at java.base/java.lang.Thread.run(Thread.java:842)
Caused by: com.solacesystems.jcsmp.JCSMPTransportException: Unexpected error:Exceeded auto reconnect frequency limit, aborting retry.
	at com.solacesystems.jcsmp.protocol.impl.TcpClientChannel.handleException(TcpClientChannel.java:1348)
	at com.solacesystems.jcsmp.protocol.impl.TcpClientChannel.handleException(TcpClientChannel.java:1273)
	at com.solacesystems.jcsmp.protocol.impl.TcpClientChannel$ReconnectFreqDisconnect.call(TcpClientChannel.java:2357)
	at java.base/java.util.concurrent.FutureTask.run(FutureTask.java:264)
	at java.base/java.util.concurrent.ThreadPoolExecutor.runWorker(ThreadPoolExecutor.java:1136)
	at java.base/java.util.concurrent.ThreadPoolExecutor$Worker.run(ThreadPoolExecutor.java:635)
	... 1 common frames omitted
Caused by: com.solacesystems.jcsmp.InvalidOperationException: Exceeded auto reconnect frequency limit, aborting retry.
	at com.solacesystems.jcsmp.impl.ReconnectFreqManager$ClientFreqExceededHandler.handleFreqExceeded(ReconnectFreqManager.java:93)
	at com.solacesystems.jcsmp.impl.ReconnectFreqManager.handleTimeout(ReconnectFreqManager.java:69)
	at com.solacesystems.jcsmp.impl.timers.impl.JCSMPTimerQueueImpl.runAllTo(JCSMPTimerQueueImpl.java:91)
	at com.solacesystems.jcsmp.protocol.nio.impl.SyncEventDispatcherReactor.eventLoop(SyncEventDispatcherReactor.java:168)
	at com.solacesystems.jcsmp.protocol.nio.impl.SyncEventDispatcherReactor$SEDReactorThread.run(SyncEventDispatcherReactor.java:338)
	... 1 common frames omitted
2026-05-14 15:26:43.949 [Context_1_ConsumerDispatcher] ERROR c.p.g.esb.client.internal.protocol.SmfPubSub.publishMessage:1911 - SmfPubSub - publishMessage
com.solacesystems.jcsmp.StaleSessionException: Tried to perform operation on a closed XML message producer
	at com.solacesystems.jcsmp.impl.JCSMPXMLMessageProducer.throwClosedException(JCSMPXMLMessageProducer.java:1463)
	at com.solacesystems.jcsmp.impl.JCSMPXMLMessageProducer.prep_single_send_message_for_publish(JCSMPXMLMessageProducer.java:948)
	at com.solacesystems.jcsmp.impl.JCSMPXMLMessageProducer.sendToDestination(JCSMPXMLMessageProducer.java:847)
	at com.solacesystems.jcsmp.impl.JCSMPXMLMessageProducer.sendToDestination(JCSMPXMLMessageProducer.java:794)
	at com.solacesystems.jcsmp.impl.JCSMPXMLMessageProducer.send(JCSMPXMLMessageProducer.java:614)
	at com.psa.gtosplus.esb.client.internal.protocol.SmfPubSub.publishMessage(SmfPubSub.java:1903)
	at com.psa.gtosplus.esb.client.internal.protocol.SmfPubSub.start(SmfPubSub.java:1398)
	at com.psa.gtosplus.esb.client.internal.protocol.SmfPubSub.restartSMF(SmfPubSub.java:2567)
	at com.psa.gtosplus.esb.client.internal.protocol.SmfPubSub$2.onException(SmfPubSub.java:1260)
	at com.solacesystems.jcsmp.protocol.nio.impl.ConsumerErrorNotification.handleNotification(ConsumerErrorNotification.java:39)
	at com.solacesystems.jcsmp.protocol.nio.impl.ConsumerNotificationDispatcher.eventLoop(ConsumerNotificationDispatcher.java:112)
	at com.solacesystems.jcsmp.protocol.nio.impl.ConsumerNotificationDispatcher.run(ConsumerNotificationDispatcher.java:130)
	at java.base/java.lang.Thread.run(Thread.java:842)
Caused by: com.solacesystems.jcsmp.JCSMPTransportException: Unexpected error:Exceeded auto reconnect frequency limit, aborting retry.
	at com.solacesystems.jcsmp.protocol.impl.TcpClientChannel.handleException(TcpClientChannel.java:1348)
	at com.solacesystems.jcsmp.protocol.impl.TcpClientChannel.handleException(TcpClientChannel.java:1273)
	at com.solacesystems.jcsmp.protocol.impl.TcpClientChannel$ReconnectFreqDisconnect.call(TcpClientChannel.java:2357)
	at java.base/java.util.concurrent.FutureTask.run(FutureTask.java:264)
	at java.base/java.util.concurrent.ThreadPoolExecutor.runWorker(ThreadPoolExecutor.java:1136)
	at java.base/java.util.concurrent.ThreadPoolExecutor$Worker.run(ThreadPoolExecutor.java:635)
	... 1 common frames omitted
Caused by: com.solacesystems.jcsmp.InvalidOperationException: Exceeded auto reconnect frequency limit, aborting retry.
	at com.solacesystems.jcsmp.impl.ReconnectFreqManager$ClientFreqExceededHandler.handleFreqExceeded(ReconnectFreqManager.java:93)
	at com.solacesystems.jcsmp.impl.ReconnectFreqManager.handleTimeout(ReconnectFreqManager.java:69)
	at com.solacesystems.jcsmp.impl.timers.impl.JCSMPTimerQueueImpl.runAllTo(JCSMPTimerQueueImpl.java:91)
	at com.solacesystems.jcsmp.protocol.nio.impl.SyncEventDispatcherReactor.eventLoop(SyncEventDispatcherReactor.java:168)
	at com.solacesystems.jcsmp.protocol.nio.impl.SyncEventDispatcherReactor$SEDReactorThread.run(SyncEventDispatcherReactor.java:338)
	... 1 common frames omitted
2026-05-14 15:26:43.949 [Context_1_ConsumerDispatcher] ERROR c.p.g.esb.client.internal.protocol.SmfPubSub.onException:1337 - SmfPubSub2 - onException
com.solacesystems.jcsmp.JCSMPTransportException: Unexpected error:Exceeded auto reconnect frequency limit, aborting retry.
	at com.solacesystems.jcsmp.protocol.impl.TcpClientChannel.handleException(TcpClientChannel.java:1348)
	at com.solacesystems.jcsmp.protocol.impl.TcpClientChannel.handleException(TcpClientChannel.java:1273)
	at com.solacesystems.jcsmp.protocol.impl.TcpClientChannel$ReconnectFreqDisconnect.call(TcpClientChannel.java:2357)
	at java.base/java.util.concurrent.FutureTask.run(FutureTask.java:264)
	at java.base/java.util.concurrent.ThreadPoolExecutor.runWorker(ThreadPoolExecutor.java:1136)
	at java.base/java.util.concurrent.ThreadPoolExecutor$Worker.run(ThreadPoolExecutor.java:635)
	at java.base/java.lang.Thread.run(Thread.java:842)
Caused by: com.solacesystems.jcsmp.InvalidOperationException: Exceeded auto reconnect frequency limit, aborting retry.
	at com.solacesystems.jcsmp.impl.ReconnectFreqManager$ClientFreqExceededHandler.handleFreqExceeded(ReconnectFreqManager.java:93)
	at com.solacesystems.jcsmp.impl.ReconnectFreqManager.handleTimeout(ReconnectFreqManager.java:69)
	at com.solacesystems.jcsmp.impl.timers.impl.JCSMPTimerQueueImpl.runAllTo(JCSMPTimerQueueImpl.java:91)
	at com.solacesystems.jcsmp.protocol.nio.impl.SyncEventDispatcherReactor.eventLoop(SyncEventDispatcherReactor.java:168)
	at com.solacesystems.jcsmp.protocol.nio.impl.SyncEventDispatcherReactor$SEDReactorThread.run(SyncEventDispatcherReactor.java:338)
	... 1 common frames omitted
2026-05-14 15:26:43.949 [Context_1_ConsumerDispatcher] ERROR c.p.g.esb.client.internal.protocol.SmfPubSub.publishMessage:1911 - SmfPubSub - publishMessage
com.solacesystems.jcsmp.StaleSessionException: Tried to perform operation on a closed XML message producer
	at com.solacesystems.jcsmp.impl.JCSMPXMLMessageProducer.throwClosedException(JCSMPXMLMessageProducer.java:1463)
	at com.solacesystems.jcsmp.impl.JCSMPXMLMessageProducer.prep_single_send_message_for_publish(JCSMPXMLMessageProducer.java:948)
	at com.solacesystems.jcsmp.impl.JCSMPXMLMessageProducer.sendToDestination(JCSMPXMLMessageProducer.java:847)
	at com.solacesystems.jcsmp.impl.JCSMPXMLMessageProducer.sendToDestination(JCSMPXMLMessageProducer.java:794)
	at com.solacesystems.jcsmp.impl.JCSMPXMLMessageProducer.send(JCSMPXMLMessageProducer.java:614)
	at com.psa.gtosplus.esb.client.internal.protocol.SmfPubSub.publishMessage(SmfPubSub.java:1903)
	at com.psa.gtosplus.esb.client.internal.protocol.SmfPubSub.stop(SmfPubSub.java:1439)
	at com.psa.gtosplus.esb.client.internal.protocol.SmfPubSub.restartSMF(SmfPubSub.java:2565)
	at com.psa.gtosplus.esb.client.internal.protocol.SmfPubSub$3.onException(SmfPubSub.java:1344)
	at com.solacesystems.jcsmp.protocol.nio.impl.ConsumerErrorNotification.handleNotification(ConsumerErrorNotification.java:39)
	at com.solacesystems.jcsmp.protocol.nio.impl.ConsumerNotificationDispatcher.eventLoop(ConsumerNotificationDispatcher.java:112)
	at com.solacesystems.jcsmp.protocol.nio.impl.ConsumerNotificationDispatcher.run(ConsumerNotificationDispatcher.java:130)
	at java.base/java.lang.Thread.run(Thread.java:842)
Caused by: com.solacesystems.jcsmp.JCSMPTransportException: Unexpected error:Exceeded auto reconnect frequency limit, aborting retry.
	at com.solacesystems.jcsmp.protocol.impl.TcpClientChannel.handleException(TcpClientChannel.java:1348)
	at com.solacesystems.jcsmp.protocol.impl.TcpClientChannel.handleException(TcpClientChannel.java:1273)
	at com.solacesystems.jcsmp.protocol.impl.TcpClientChannel$ReconnectFreqDisconnect.call(TcpClientChannel.java:2357)
	at java.base/java.util.concurrent.FutureTask.run(FutureTask.java:264)
	at java.base/java.util.concurrent.ThreadPoolExecutor.runWorker(ThreadPoolExecutor.java:1136)
	at java.base/java.util.concurrent.ThreadPoolExecutor$Worker.run(ThreadPoolExecutor.java:635)
	... 1 common frames omitted
Caused by: com.solacesystems.jcsmp.InvalidOperationException: Exceeded auto reconnect frequency limit, aborting retry.
	at com.solacesystems.jcsmp.impl.ReconnectFreqManager$ClientFreqExceededHandler.handleFreqExceeded(ReconnectFreqManager.java:93)
	at com.solacesystems.jcsmp.impl.ReconnectFreqManager.handleTimeout(ReconnectFreqManager.java:69)
	at com.solacesystems.jcsmp.impl.timers.impl.JCSMPTimerQueueImpl.runAllTo(JCSMPTimerQueueImpl.java:91)
	at com.solacesystems.jcsmp.protocol.nio.impl.SyncEventDispatcherReactor.eventLoop(SyncEventDispatcherReactor.java:168)
	at com.solacesystems.jcsmp.protocol.nio.impl.SyncEventDispatcherReactor$SEDReactorThread.run(SyncEventDispatcherReactor.java:338)
	... 1 common frames omitted
2026-05-14 15:26:43.980 [Context_1_ConsumerDispatcher] ERROR c.p.g.esb.client.internal.protocol.SmfPubSub.publishMessage:1911 - SmfPubSub - publishMessage
com.solacesystems.jcsmp.StaleSessionException: Tried to perform operation on a closed XML message producer
	at com.solacesystems.jcsmp.impl.JCSMPXMLMessageProducer.throwClosedException(JCSMPXMLMessageProducer.java:1463)
	at com.solacesystems.jcsmp.impl.JCSMPXMLMessageProducer.prep_single_send_message_for_publish(JCSMPXMLMessageProducer.java:948)
	at com.solacesystems.jcsmp.impl.JCSMPXMLMessageProducer.sendToDestination(JCSMPXMLMessageProducer.java:847)
	at com.solacesystems.jcsmp.impl.JCSMPXMLMessageProducer.sendToDestination(JCSMPXMLMessageProducer.java:794)
	at com.solacesystems.jcsmp.impl.JCSMPXMLMessageProducer.send(JCSMPXMLMessageProducer.java:614)
	at com.psa.gtosplus.esb.client.internal.protocol.SmfPubSub.publishMessage(SmfPubSub.java:1903)
	at com.psa.gtosplus.esb.client.internal.protocol.SmfPubSub.start(SmfPubSub.java:1398)
	at com.psa.gtosplus.esb.client.internal.protocol.SmfPubSub.restartSMF(SmfPubSub.java:2567)
	at com.psa.gtosplus.esb.client.internal.protocol.SmfPubSub$3.onException(SmfPubSub.java:1344)
	at com.solacesystems.jcsmp.protocol.nio.impl.ConsumerErrorNotification.handleNotification(ConsumerErrorNotification.java:39)
	at com.solacesystems.jcsmp.protocol.nio.impl.ConsumerNotificationDispatcher.eventLoop(ConsumerNotificationDispatcher.java:112)
	at com.solacesystems.jcsmp.protocol.nio.impl.ConsumerNotificationDispatcher.run(ConsumerNotificationDispatcher.java:130)
	at java.base/java.lang.Thread.run(Thread.java:842)
Caused by: com.solacesystems.jcsmp.JCSMPTransportException: Unexpected error:Exceeded auto reconnect frequency limit, aborting retry.
	at com.solacesystems.jcsmp.protocol.impl.TcpClientChannel.handleException(TcpClientChannel.java:1348)
	at com.solacesystems.jcsmp.protocol.impl.TcpClientChannel.handleException(TcpClientChannel.java:1273)
	at com.solacesystems.jcsmp.protocol.impl.TcpClientChannel$ReconnectFreqDisconnect.call(TcpClientChannel.java:2357)
	at java.base/java.util.concurrent.FutureTask.run(FutureTask.java:264)
	at java.base/java.util.concurrent.ThreadPoolExecutor.runWorker(ThreadPoolExecutor.java:1136)
	at java.base/java.util.concurrent.ThreadPoolExecutor$Worker.run(ThreadPoolExecutor.java:635)
	... 1 common frames omitted
Caused by: com.solacesystems.jcsmp.InvalidOperationException: Exceeded auto reconnect frequency limit, aborting retry.
	at com.solacesystems.jcsmp.impl.ReconnectFreqManager$ClientFreqExceededHandler.handleFreqExceeded(ReconnectFreqManager.java:93)
	at com.solacesystems.jcsmp.impl.ReconnectFreqManager.handleTimeout(ReconnectFreqManager.java:69)
	at com.solacesystems.jcsmp.impl.timers.impl.JCSMPTimerQueueImpl.runAllTo(JCSMPTimerQueueImpl.java:91)
	at com.solacesystems.jcsmp.protocol.nio.impl.SyncEventDispatcherReactor.eventLoop(SyncEventDispatcherReactor.java:168)
	at com.solacesystems.jcsmp.protocol.nio.impl.SyncEventDispatcherReactor$SEDReactorThread.run(SyncEventDispatcherReactor.java:338)
	... 1 common frames omitted
2026-05-14 15:27:11.317 [main] ERROR c.p.g.esb.client.internal.protocol.SmfPubSub.publishMessage:1911 - SmfPubSub - publishMessage
com.solacesystems.jcsmp.StaleSessionException: Tried to perform operation on a closed XML message producer
	at com.solacesystems.jcsmp.impl.JCSMPXMLMessageProducer.throwClosedException(JCSMPXMLMessageProducer.java:1463)
	at com.solacesystems.jcsmp.impl.JCSMPXMLMessageProducer.prep_single_send_message_for_publish(JCSMPXMLMessageProducer.java:948)
	at com.solacesystems.jcsmp.impl.JCSMPXMLMessageProducer.sendToDestination(JCSMPXMLMessageProducer.java:847)
	at com.solacesystems.jcsmp.impl.JCSMPXMLMessageProducer.sendToDestination(JCSMPXMLMessageProducer.java:794)
	at com.solacesystems.jcsmp.impl.JCSMPXMLMessageProducer.send(JCSMPXMLMessageProducer.java:614)
	at com.psa.gtosplus.esb.client.internal.protocol.SmfPubSub.publishMessage(SmfPubSub.java:1903)
	at com.psa.gtosplus.esb.client.internal.protocol.SmfPubSub.stop(SmfPubSub.java:1439)
	at com.psa.gtosplus.esb.client.ESBClient.stopEsbClient(ESBClient.java:703)
	at com.lleewell.esbclient.reliability.lifecycle.ApplicationLifecycleManager.disconnectEsbClient(ApplicationLifecycleManager.java:153)
	at com.lleewell.esbclient.reliability.lifecycle.ApplicationLifecycleManager.onShutdown(ApplicationLifecycleManager.java:58)
	at java.base/jdk.internal.reflect.NativeMethodAccessorImpl.invoke0(Native Method)
	at java.base/jdk.internal.reflect.NativeMethodAccessorImpl.invoke(NativeMethodAccessorImpl.java:77)
	at java.base/jdk.internal.reflect.DelegatingMethodAccessorImpl.invoke(DelegatingMethodAccessorImpl.java:43)
	at java.base/java.lang.reflect.Method.invoke(Method.java:568)
	at org.springframework.beans.factory.annotation.InitDestroyAnnotationBeanPostProcessor$LifecycleMethod.invoke(InitDestroyAnnotationBeanPostProcessor.java:457)
	at org.springframework.beans.factory.annotation.InitDestroyAnnotationBeanPostProcessor$LifecycleMetadata.invokeDestroyMethods(InitDestroyAnnotationBeanPostProcessor.java:415)
	at org.springframework.beans.factory.annotation.InitDestroyAnnotationBeanPostProcessor.postProcessBeforeDestruction(InitDestroyAnnotationBeanPostProcessor.java:239)
	at org.springframework.beans.factory.support.DisposableBeanAdapter.destroy(DisposableBeanAdapter.java:202)
	at org.springframework.beans.factory.support.DefaultSingletonBeanRegistry.destroyBean(DefaultSingletonBeanRegistry.java:796)
	at org.springframework.beans.factory.support.DefaultSingletonBeanRegistry.destroySingleton(DefaultSingletonBeanRegistry.java:746)
	at org.springframework.beans.factory.support.DefaultListableBeanFactory.destroySingleton(DefaultListableBeanFactory.java:1473)
	at org.springframework.beans.factory.support.DefaultSingletonBeanRegistry.destroySingletons(DefaultSingletonBeanRegistry.java:705)
	at org.springframework.beans.factory.support.DefaultListableBeanFactory.destroySingletons(DefaultListableBeanFactory.java:1466)
	at org.springframework.context.support.AbstractApplicationContext.destroyBeans(AbstractApplicationContext.java:1219)
	at org.springframework.context.support.AbstractApplicationContext.refresh(AbstractApplicationContext.java:640)
	at org.springframework.boot.web.servlet.context.ServletWebServerApplicationContext.refresh(ServletWebServerApplicationContext.java:146)
	at org.springframework.boot.SpringApplication.refresh(SpringApplication.java:753)
	at org.springframework.boot.SpringApplication.refreshContext(SpringApplication.java:439)
	at org.springframework.boot.SpringApplication.run(SpringApplication.java:318)
	at org.springframework.boot.SpringApplication.run(SpringApplication.java:1362)
	at org.springframework.boot.SpringApplication.run(SpringApplication.java:1351)
	at com.lleewell.esbclient.EsbClientApplication.main(EsbClientApplication.java:20)
	at java.base/jdk.internal.reflect.NativeMethodAccessorImpl.invoke0(Native Method)
	at java.base/jdk.internal.reflect.NativeMethodAccessorImpl.invoke(NativeMethodAccessorImpl.java:77)
	at java.base/jdk.internal.reflect.DelegatingMethodAccessorImpl.invoke(DelegatingMethodAccessorImpl.java:43)
	at java.base/java.lang.reflect.Method.invoke(Method.java:568)
	at org.springframework.boot.loader.launch.Launcher.launch(Launcher.java:102)
	at org.springframework.boot.loader.launch.Launcher.launch(Launcher.java:64)
	at org.springframework.boot.loader.launch.JarLauncher.main(JarLauncher.java:40)
Caused by: com.solacesystems.jcsmp.JCSMPTransportException: Unexpected error:Exceeded auto reconnect frequency limit, aborting retry.
	at com.solacesystems.jcsmp.protocol.impl.TcpClientChannel.handleException(TcpClientChannel.java:1348)
	at com.solacesystems.jcsmp.protocol.impl.TcpClientChannel.handleException(TcpClientChannel.java:1273)
	at com.solacesystems.jcsmp.protocol.impl.TcpClientChannel$ReconnectFreqDisconnect.call(TcpClientChannel.java:2357)
	at java.base/java.util.concurrent.FutureTask.run(FutureTask.java:264)
	at java.base/java.util.concurrent.ThreadPoolExecutor.runWorker(ThreadPoolExecutor.java:1136)
	at java.base/java.util.concurrent.ThreadPoolExecutor$Worker.run(ThreadPoolExecutor.java:635)
	at java.base/java.lang.Thread.run(Thread.java:842)
Caused by: com.solacesystems.jcsmp.InvalidOperationException: Exceeded auto reconnect frequency limit, aborting retry.
	at com.solacesystems.jcsmp.impl.ReconnectFreqManager$ClientFreqExceededHandler.handleFreqExceeded(ReconnectFreqManager.java:93)
	at com.solacesystems.jcsmp.impl.ReconnectFreqManager.handleTimeout(ReconnectFreqManager.java:69)
	at com.solacesystems.jcsmp.impl.timers.impl.JCSMPTimerQueueImpl.runAllTo(JCSMPTimerQueueImpl.java:91)
	at com.solacesystems.jcsmp.protocol.nio.impl.SyncEventDispatcherReactor.eventLoop(SyncEventDispatcherReactor.java:168)
	at com.solacesystems.jcsmp.protocol.nio.impl.SyncEventDispatcherReactor$SEDReactorThread.run(SyncEventDispatcherReactor.java:338)
	... 1 common frames omitted
2026-05-14 15:27:11.510 [main] ERROR o.s.b.diagnostics.LoggingFailureAnalysisReporter.report:40 - 

***************************
APPLICATION FAILED TO START
***************************

Description:

Web server failed to start. Port 10029 was already in use.

Action:

Identify and stop the process that's listening on port 10029 or configure this application to listen on another port.

2026-05-14 15:27:14.475 [Context_1_ConsumerDispatcher] ERROR c.p.g.esb.client.internal.protocol.SmfPubSub.onException:1337 - SmfPubSub2 - onException
com.solacesystems.jcsmp.JCSMPErrorResponseException: 503: Unknown Queue
	at com.solacesystems.jcsmp.impl.flow.BindRequestTask.execute(BindRequestTask.java:204)
	at com.solacesystems.jcsmp.impl.flow.SubFlowManagerImpl.handleAssuredCtrlMessage(SubFlowManagerImpl.java:566)
	at com.solacesystems.jcsmp.protocol.impl.TcpClientChannel.handleAssuredCtrlMsg(TcpClientChannel.java:1659)
	at com.solacesystems.jcsmp.protocol.impl.TcpClientChannel.handleMessage(TcpClientChannel.java:1624)
	at com.solacesystems.jcsmp.protocol.nio.impl.SubscriberMessageReader.processRead(SubscriberMessageReader.java:98)
	at com.solacesystems.jcsmp.protocol.nio.impl.SubscriberMessageReader.read(SubscriberMessageReader.java:138)
	at com.solacesystems.jcsmp.protocol.smf.SimpleSmfClient.read(SimpleSmfClient.java:1166)
	at com.solacesystems.jcsmp.protocol.nio.impl.SyncEventDispatcherReactor.processReactorChannels(SyncEventDispatcherReactor.java:206)
	at com.solacesystems.jcsmp.protocol.nio.impl.SyncEventDispatcherReactor.eventLoop(SyncEventDispatcherReactor.java:157)
	at com.solacesystems.jcsmp.protocol.nio.impl.SyncEventDispatcherReactor$SEDReactorThread.run(SyncEventDispatcherReactor.java:338)
	at java.base/java.lang.Thread.run(Thread.java:842)
2026-05-14 15:30:08.942 [main] ERROR c.p.g.e.client.internal.exception.ConfigException.<init>:23 - ConfigHelper - getProperty WILDCARD_IC_I is missing or blank
2026-05-14 15:30:10.617 [Context_1_ConsumerDispatcher] ERROR c.p.g.esb.client.internal.protocol.SmfPubSub.publishMessage:1911 - SmfPubSub - publishMessage
com.solacesystems.jcsmp.ClosedFacilityException: Tried to perform operation on a closed XML message producer
	at com.solacesystems.jcsmp.impl.JCSMPXMLMessageProducer.throwClosedException(JCSMPXMLMessageProducer.java:1465)
	at com.solacesystems.jcsmp.impl.JCSMPXMLMessageProducer.prep_single_send_message_for_publish(JCSMPXMLMessageProducer.java:948)
	at com.solacesystems.jcsmp.impl.JCSMPXMLMessageProducer.sendToDestination(JCSMPXMLMessageProducer.java:847)
	at com.solacesystems.jcsmp.impl.JCSMPXMLMessageProducer.sendToDestination(JCSMPXMLMessageProducer.java:794)
	at com.solacesystems.jcsmp.impl.JCSMPXMLMessageProducer.send(JCSMPXMLMessageProducer.java:614)
	at com.psa.gtosplus.esb.client.internal.protocol.SmfPubSub.publishMessage(SmfPubSub.java:1903)
	at com.psa.gtosplus.esb.client.internal.protocol.SmfPubSub.start(SmfPubSub.java:1398)
	at com.psa.gtosplus.esb.client.internal.protocol.SmfPubSub.restartSMF(SmfPubSub.java:2567)
	at com.psa.gtosplus.esb.client.internal.protocol.SmfPubSub$3.onException(SmfPubSub.java:1344)
	at com.solacesystems.jcsmp.protocol.nio.impl.ConsumerErrorNotification.handleNotification(ConsumerErrorNotification.java:39)
	at com.solacesystems.jcsmp.protocol.nio.impl.ConsumerNotificationDispatcher.eventLoop(ConsumerNotificationDispatcher.java:112)
	at com.solacesystems.jcsmp.protocol.nio.impl.ConsumerNotificationDispatcher.run(ConsumerNotificationDispatcher.java:130)
	at java.base/java.lang.Thread.run(Thread.java:842)
2026-05-14 15:30:10.617 [Context_1_ConsumerDispatcher] ERROR c.p.g.esb.client.internal.protocol.SmfPubSub.onException:1337 - SmfPubSub2 - onException
com.solacesystems.jcsmp.JCSMPErrorResponseException: 503: Unknown Queue
	at com.solacesystems.jcsmp.impl.flow.BindRequestTask.execute(BindRequestTask.java:204)
	at com.solacesystems.jcsmp.impl.flow.SubFlowManagerImpl.handleAssuredCtrlMessage(SubFlowManagerImpl.java:566)
	at com.solacesystems.jcsmp.protocol.impl.TcpClientChannel.handleAssuredCtrlMsg(TcpClientChannel.java:1659)
	at com.solacesystems.jcsmp.protocol.impl.TcpClientChannel.handleMessage(TcpClientChannel.java:1624)
	at com.solacesystems.jcsmp.protocol.nio.impl.SubscriberMessageReader.processRead(SubscriberMessageReader.java:98)
	at com.solacesystems.jcsmp.protocol.nio.impl.SubscriberMessageReader.read(SubscriberMessageReader.java:138)
	at com.solacesystems.jcsmp.protocol.smf.SimpleSmfClient.read(SimpleSmfClient.java:1166)
	at com.solacesystems.jcsmp.protocol.nio.impl.SyncEventDispatcherReactor.processReactorChannels(SyncEventDispatcherReactor.java:206)
	at com.solacesystems.jcsmp.protocol.nio.impl.SyncEventDispatcherReactor.eventLoop(SyncEventDispatcherReactor.java:157)
	at com.solacesystems.jcsmp.protocol.nio.impl.SyncEventDispatcherReactor$SEDReactorThread.run(SyncEventDispatcherReactor.java:338)
	at java.base/java.lang.Thread.run(Thread.java:842)
2026-05-14 15:30:10.617 [Context_1_ConsumerDispatcher] ERROR c.p.g.esb.client.internal.protocol.SmfPubSub.publishMessage:1911 - SmfPubSub - publishMessage
com.solacesystems.jcsmp.ClosedFacilityException: Tried to perform operation on a closed XML message producer
	at com.solacesystems.jcsmp.impl.JCSMPXMLMessageProducer.throwClosedException(JCSMPXMLMessageProducer.java:1465)
	at com.solacesystems.jcsmp.impl.JCSMPXMLMessageProducer.prep_single_send_message_for_publish(JCSMPXMLMessageProducer.java:948)
	at com.solacesystems.jcsmp.impl.JCSMPXMLMessageProducer.sendToDestination(JCSMPXMLMessageProducer.java:847)
	at com.solacesystems.jcsmp.impl.JCSMPXMLMessageProducer.sendToDestination(JCSMPXMLMessageProducer.java:794)
	at com.solacesystems.jcsmp.impl.JCSMPXMLMessageProducer.send(JCSMPXMLMessageProducer.java:614)
	at com.psa.gtosplus.esb.client.internal.protocol.SmfPubSub.publishMessage(SmfPubSub.java:1903)
	at com.psa.gtosplus.esb.client.internal.protocol.SmfPubSub.stop(SmfPubSub.java:1439)
	at com.psa.gtosplus.esb.client.internal.protocol.SmfPubSub.restartSMF(SmfPubSub.java:2565)
	at com.psa.gtosplus.esb.client.internal.protocol.SmfPubSub$3.onException(SmfPubSub.java:1344)
	at com.solacesystems.jcsmp.protocol.nio.impl.ConsumerErrorNotification.handleNotification(ConsumerErrorNotification.java:39)
	at com.solacesystems.jcsmp.protocol.nio.impl.ConsumerNotificationDispatcher.eventLoop(ConsumerNotificationDispatcher.java:112)
	at com.solacesystems.jcsmp.protocol.nio.impl.ConsumerNotificationDispatcher.run(ConsumerNotificationDispatcher.java:130)
	at java.base/java.lang.Thread.run(Thread.java:842)
2026-05-14 15:30:10.650 [Context_1_ConsumerDispatcher] ERROR c.p.g.esb.client.internal.protocol.SmfPubSub.publishMessage:1911 - SmfPubSub - publishMessage
com.solacesystems.jcsmp.ClosedFacilityException: Tried to perform operation on a closed XML message producer
	at com.solacesystems.jcsmp.impl.JCSMPXMLMessageProducer.throwClosedException(JCSMPXMLMessageProducer.java:1465)
	at com.solacesystems.jcsmp.impl.JCSMPXMLMessageProducer.prep_single_send_message_for_publish(JCSMPXMLMessageProducer.java:948)
	at com.solacesystems.jcsmp.impl.JCSMPXMLMessageProducer.sendToDestination(JCSMPXMLMessageProducer.java:847)
	at com.solacesystems.jcsmp.impl.JCSMPXMLMessageProducer.sendToDestination(JCSMPXMLMessageProducer.java:794)
	at com.solacesystems.jcsmp.impl.JCSMPXMLMessageProducer.send(JCSMPXMLMessageProducer.java:614)
	at com.psa.gtosplus.esb.client.internal.protocol.SmfPubSub.publishMessage(SmfPubSub.java:1903)
	at com.psa.gtosplus.esb.client.internal.protocol.SmfPubSub.start(SmfPubSub.java:1398)
	at com.psa.gtosplus.esb.client.internal.protocol.SmfPubSub.restartSMF(SmfPubSub.java:2567)
	at com.psa.gtosplus.esb.client.internal.protocol.SmfPubSub$3.onException(SmfPubSub.java:1344)
	at com.solacesystems.jcsmp.protocol.nio.impl.ConsumerErrorNotification.handleNotification(ConsumerErrorNotification.java:39)
	at com.solacesystems.jcsmp.protocol.nio.impl.ConsumerNotificationDispatcher.eventLoop(ConsumerNotificationDispatcher.java:112)
	at com.solacesystems.jcsmp.protocol.nio.impl.ConsumerNotificationDispatcher.run(ConsumerNotificationDispatcher.java:130)
	at java.base/java.lang.Thread.run(Thread.java:842)
2026-05-14 15:30:10.650 [Context_1_ConsumerDispatcher] ERROR c.p.g.esb.client.internal.protocol.SmfPubSub.onException:1337 - SmfPubSub2 - onException
com.solacesystems.jcsmp.JCSMPErrorResponseException: 503: Unknown Queue
	at com.solacesystems.jcsmp.impl.flow.BindRequestTask.execute(BindRequestTask.java:204)
	at com.solacesystems.jcsmp.impl.flow.SubFlowManagerImpl.handleAssuredCtrlMessage(SubFlowManagerImpl.java:566)
	at com.solacesystems.jcsmp.protocol.impl.TcpClientChannel.handleAssuredCtrlMsg(TcpClientChannel.java:1659)
	at com.solacesystems.jcsmp.protocol.impl.TcpClientChannel.handleMessage(TcpClientChannel.java:1624)
	at com.solacesystems.jcsmp.protocol.nio.impl.SubscriberMessageReader.processRead(SubscriberMessageReader.java:98)
	at com.solacesystems.jcsmp.protocol.nio.impl.SubscriberMessageReader.read(SubscriberMessageReader.java:138)
	at com.solacesystems.jcsmp.protocol.smf.SimpleSmfClient.read(SimpleSmfClient.java:1166)
	at com.solacesystems.jcsmp.protocol.nio.impl.SyncEventDispatcherReactor.processReactorChannels(SyncEventDispatcherReactor.java:206)
	at com.solacesystems.jcsmp.protocol.nio.impl.SyncEventDispatcherReactor.eventLoop(SyncEventDispatcherReactor.java:157)
	at com.solacesystems.jcsmp.protocol.nio.impl.SyncEventDispatcherReactor$SEDReactorThread.run(SyncEventDispatcherReactor.java:338)
	at java.base/java.lang.Thread.run(Thread.java:842)
2026-05-14 15:30:10.665 [Context_1_ConsumerDispatcher] ERROR c.p.g.esb.client.internal.protocol.SmfPubSub.publishMessage:1911 - SmfPubSub - publishMessage
com.solacesystems.jcsmp.ClosedFacilityException: Tried to perform operation on a closed XML message producer
	at com.solacesystems.jcsmp.impl.JCSMPXMLMessageProducer.throwClosedException(JCSMPXMLMessageProducer.java:1465)
	at com.solacesystems.jcsmp.impl.JCSMPXMLMessageProducer.prep_single_send_message_for_publish(JCSMPXMLMessageProducer.java:948)
	at com.solacesystems.jcsmp.impl.JCSMPXMLMessageProducer.sendToDestination(JCSMPXMLMessageProducer.java:847)
	at com.solacesystems.jcsmp.impl.JCSMPXMLMessageProducer.sendToDestination(JCSMPXMLMessageProducer.java:794)
	at com.solacesystems.jcsmp.impl.JCSMPXMLMessageProducer.send(JCSMPXMLMessageProducer.java:614)
	at com.psa.gtosplus.esb.client.internal.protocol.SmfPubSub.publishMessage(SmfPubSub.java:1903)
	at com.psa.gtosplus.esb.client.internal.protocol.SmfPubSub.stop(SmfPubSub.java:1439)
	at com.psa.gtosplus.esb.client.internal.protocol.SmfPubSub.restartSMF(SmfPubSub.java:2565)
	at com.psa.gtosplus.esb.client.internal.protocol.SmfPubSub$3.onException(SmfPubSub.java:1344)
	at com.solacesystems.jcsmp.protocol.nio.impl.ConsumerErrorNotification.handleNotification(ConsumerErrorNotification.java:39)
	at com.solacesystems.jcsmp.protocol.nio.impl.ConsumerNotificationDispatcher.eventLoop(ConsumerNotificationDispatcher.java:112)
	at com.solacesystems.jcsmp.protocol.nio.impl.ConsumerNotificationDispatcher.run(ConsumerNotificationDispatcher.java:130)
	at java.base/java.lang.Thread.run(Thread.java:842)
2026-05-14 15:30:10.697 [Context_1_ConsumerDispatcher] ERROR c.p.g.esb.client.internal.protocol.SmfPubSub.publishMessage:1911 - SmfPubSub - publishMessage
com.solacesystems.jcsmp.ClosedFacilityException: Tried to perform operation on a closed XML message producer
	at com.solacesystems.jcsmp.impl.JCSMPXMLMessageProducer.throwClosedException(JCSMPXMLMessageProducer.java:1465)
	at com.solacesystems.jcsmp.impl.JCSMPXMLMessageProducer.prep_single_send_message_for_publish(JCSMPXMLMessageProducer.java:948)
	at com.solacesystems.jcsmp.impl.JCSMPXMLMessageProducer.sendToDestination(JCSMPXMLMessageProducer.java:847)
	at com.solacesystems.jcsmp.impl.JCSMPXMLMessageProducer.sendToDestination(JCSMPXMLMessageProducer.java:794)
	at com.solacesystems.jcsmp.impl.JCSMPXMLMessageProducer.send(JCSMPXMLMessageProducer.java:614)
	at com.psa.gtosplus.esb.client.internal.protocol.SmfPubSub.publishMessage(SmfPubSub.java:1903)
	at com.psa.gtosplus.esb.client.internal.protocol.SmfPubSub.start(SmfPubSub.java:1398)
	at com.psa.gtosplus.esb.client.internal.protocol.SmfPubSub.restartSMF(SmfPubSub.java:2567)
	at com.psa.gtosplus.esb.client.internal.protocol.SmfPubSub$3.onException(SmfPubSub.java:1344)
	at com.solacesystems.jcsmp.protocol.nio.impl.ConsumerErrorNotification.handleNotification(ConsumerErrorNotification.java:39)
	at com.solacesystems.jcsmp.protocol.nio.impl.ConsumerNotificationDispatcher.eventLoop(ConsumerNotificationDispatcher.java:112)
	at com.solacesystems.jcsmp.protocol.nio.impl.ConsumerNotificationDispatcher.run(ConsumerNotificationDispatcher.java:130)
	at java.base/java.lang.Thread.run(Thread.java:842)
2026-05-14 15:30:10.697 [Context_1_ConsumerDispatcher] ERROR c.p.g.esb.client.internal.protocol.SmfPubSub.onException:1337 - SmfPubSub2 - onException
com.solacesystems.jcsmp.JCSMPErrorResponseException: 503: Unknown Queue
	at com.solacesystems.jcsmp.impl.flow.BindRequestTask.execute(BindRequestTask.java:204)
	at com.solacesystems.jcsmp.impl.flow.SubFlowManagerImpl.handleAssuredCtrlMessage(SubFlowManagerImpl.java:566)
	at com.solacesystems.jcsmp.protocol.impl.TcpClientChannel.handleAssuredCtrlMsg(TcpClientChannel.java:1659)
	at com.solacesystems.jcsmp.protocol.impl.TcpClientChannel.handleMessage(TcpClientChannel.java:1624)
	at com.solacesystems.jcsmp.protocol.nio.impl.SubscriberMessageReader.processRead(SubscriberMessageReader.java:98)
	at com.solacesystems.jcsmp.protocol.nio.impl.SubscriberMessageReader.read(SubscriberMessageReader.java:138)
	at com.solacesystems.jcsmp.protocol.smf.SimpleSmfClient.read(SimpleSmfClient.java:1166)
	at com.solacesystems.jcsmp.protocol.nio.impl.SyncEventDispatcherReactor.processReactorChannels(SyncEventDispatcherReactor.java:206)
	at com.solacesystems.jcsmp.protocol.nio.impl.SyncEventDispatcherReactor.eventLoop(SyncEventDispatcherReactor.java:157)
	at com.solacesystems.jcsmp.protocol.nio.impl.SyncEventDispatcherReactor$SEDReactorThread.run(SyncEventDispatcherReactor.java:338)
	at java.base/java.lang.Thread.run(Thread.java:842)
2026-05-14 15:30:10.697 [Context_1_ConsumerDispatcher] ERROR c.p.g.esb.client.internal.protocol.SmfPubSub.publishMessage:1911 - SmfPubSub - publishMessage
com.solacesystems.jcsmp.ClosedFacilityException: Tried to perform operation on a closed XML message producer
	at com.solacesystems.jcsmp.impl.JCSMPXMLMessageProducer.throwClosedException(JCSMPXMLMessageProducer.java:1465)
	at com.solacesystems.jcsmp.impl.JCSMPXMLMessageProducer.prep_single_send_message_for_publish(JCSMPXMLMessageProducer.java:948)
	at com.solacesystems.jcsmp.impl.JCSMPXMLMessageProducer.sendToDestination(JCSMPXMLMessageProducer.java:847)
	at com.solacesystems.jcsmp.impl.JCSMPXMLMessageProducer.sendToDestination(JCSMPXMLMessageProducer.java:794)
	at com.solacesystems.jcsmp.impl.JCSMPXMLMessageProducer.send(JCSMPXMLMessageProducer.java:614)
	at com.psa.gtosplus.esb.client.internal.protocol.SmfPubSub.publishMessage(SmfPubSub.java:1903)
	at com.psa.gtosplus.esb.client.internal.protocol.SmfPubSub.stop(SmfPubSub.java:1439)
	at com.psa.gtosplus.esb.client.internal.protocol.SmfPubSub.restartSMF(SmfPubSub.java:2565)
	at com.psa.gtosplus.esb.client.internal.protocol.SmfPubSub$3.onException(SmfPubSub.java:1344)
	at com.solacesystems.jcsmp.protocol.nio.impl.ConsumerErrorNotification.handleNotification(ConsumerErrorNotification.java:39)
	at com.solacesystems.jcsmp.protocol.nio.impl.ConsumerNotificationDispatcher.eventLoop(ConsumerNotificationDispatcher.java:112)
	at com.solacesystems.jcsmp.protocol.nio.impl.ConsumerNotificationDispatcher.run(ConsumerNotificationDispatcher.java:130)
	at java.base/java.lang.Thread.run(Thread.java:842)
2026-05-14 15:30:10.744 [Context_1_ConsumerDispatcher] ERROR c.p.g.esb.client.internal.protocol.SmfPubSub.publishMessage:1911 - SmfPubSub - publishMessage
com.solacesystems.jcsmp.ClosedFacilityException: Tried to perform operation on a closed XML message producer
	at com.solacesystems.jcsmp.impl.JCSMPXMLMessageProducer.throwClosedException(JCSMPXMLMessageProducer.java:1465)
	at com.solacesystems.jcsmp.impl.JCSMPXMLMessageProducer.prep_single_send_message_for_publish(JCSMPXMLMessageProducer.java:948)
	at com.solacesystems.jcsmp.impl.JCSMPXMLMessageProducer.sendToDestination(JCSMPXMLMessageProducer.java:847)
	at com.solacesystems.jcsmp.impl.JCSMPXMLMessageProducer.sendToDestination(JCSMPXMLMessageProducer.java:794)
	at com.solacesystems.jcsmp.impl.JCSMPXMLMessageProducer.send(JCSMPXMLMessageProducer.java:614)
	at com.psa.gtosplus.esb.client.internal.protocol.SmfPubSub.publishMessage(SmfPubSub.java:1903)
	at com.psa.gtosplus.esb.client.internal.protocol.SmfPubSub.start(SmfPubSub.java:1398)
	at com.psa.gtosplus.esb.client.internal.protocol.SmfPubSub.restartSMF(SmfPubSub.java:2567)
	at com.psa.gtosplus.esb.client.internal.protocol.SmfPubSub$3.onException(SmfPubSub.java:1344)
	at com.solacesystems.jcsmp.protocol.nio.impl.ConsumerErrorNotification.handleNotification(ConsumerErrorNotification.java:39)
	at com.solacesystems.jcsmp.protocol.nio.impl.ConsumerNotificationDispatcher.eventLoop(ConsumerNotificationDispatcher.java:112)
	at com.solacesystems.jcsmp.protocol.nio.impl.ConsumerNotificationDispatcher.run(ConsumerNotificationDispatcher.java:130)
	at java.base/java.lang.Thread.run(Thread.java:842)
2026-05-14 15:30:10.744 [Context_1_ConsumerDispatcher] ERROR c.p.g.esb.client.internal.protocol.SmfPubSub.onException:1337 - SmfPubSub2 - onException
com.solacesystems.jcsmp.JCSMPErrorResponseException: 503: Unknown Queue
	at com.solacesystems.jcsmp.impl.flow.BindRequestTask.execute(BindRequestTask.java:204)
	at com.solacesystems.jcsmp.impl.flow.SubFlowManagerImpl.handleAssuredCtrlMessage(SubFlowManagerImpl.java:566)
	at com.solacesystems.jcsmp.protocol.impl.TcpClientChannel.handleAssuredCtrlMsg(TcpClientChannel.java:1659)
	at com.solacesystems.jcsmp.protocol.impl.TcpClientChannel.handleMessage(TcpClientChannel.java:1624)
	at com.solacesystems.jcsmp.protocol.nio.impl.SubscriberMessageReader.processRead(SubscriberMessageReader.java:98)
	at com.solacesystems.jcsmp.protocol.nio.impl.SubscriberMessageReader.read(SubscriberMessageReader.java:138)
	at com.solacesystems.jcsmp.protocol.smf.SimpleSmfClient.read(SimpleSmfClient.java:1166)
	at com.solacesystems.jcsmp.protocol.nio.impl.SyncEventDispatcherReactor.processReactorChannels(SyncEventDispatcherReactor.java:206)
	at com.solacesystems.jcsmp.protocol.nio.impl.SyncEventDispatcherReactor.eventLoop(SyncEventDispatcherReactor.java:157)
	at com.solacesystems.jcsmp.protocol.nio.impl.SyncEventDispatcherReactor$SEDReactorThread.run(SyncEventDispatcherReactor.java:338)
	at java.base/java.lang.Thread.run(Thread.java:842)
2026-05-14 15:30:10.744 [Context_1_ConsumerDispatcher] ERROR c.p.g.esb.client.internal.protocol.SmfPubSub.publishMessage:1911 - SmfPubSub - publishMessage
com.solacesystems.jcsmp.ClosedFacilityException: Tried to perform operation on a closed XML message producer
	at com.solacesystems.jcsmp.impl.JCSMPXMLMessageProducer.throwClosedException(JCSMPXMLMessageProducer.java:1465)
	at com.solacesystems.jcsmp.impl.JCSMPXMLMessageProducer.prep_single_send_message_for_publish(JCSMPXMLMessageProducer.java:948)
	at com.solacesystems.jcsmp.impl.JCSMPXMLMessageProducer.sendToDestination(JCSMPXMLMessageProducer.java:847)
	at com.solacesystems.jcsmp.impl.JCSMPXMLMessageProducer.sendToDestination(JCSMPXMLMessageProducer.java:794)
	at com.solacesystems.jcsmp.impl.JCSMPXMLMessageProducer.send(JCSMPXMLMessageProducer.java:614)
	at com.psa.gtosplus.esb.client.internal.protocol.SmfPubSub.publishMessage(SmfPubSub.java:1903)
	at com.psa.gtosplus.esb.client.internal.protocol.SmfPubSub.stop(SmfPubSub.java:1439)
	at com.psa.gtosplus.esb.client.internal.protocol.SmfPubSub.restartSMF(SmfPubSub.java:2565)
	at com.psa.gtosplus.esb.client.internal.protocol.SmfPubSub$3.onException(SmfPubSub.java:1344)
	at com.solacesystems.jcsmp.protocol.nio.impl.ConsumerErrorNotification.handleNotification(ConsumerErrorNotification.java:39)
	at com.solacesystems.jcsmp.protocol.nio.impl.ConsumerNotificationDispatcher.eventLoop(ConsumerNotificationDispatcher.java:112)
	at com.solacesystems.jcsmp.protocol.nio.impl.ConsumerNotificationDispatcher.run(ConsumerNotificationDispatcher.java:130)
	at java.base/java.lang.Thread.run(Thread.java:842)
2026-05-14 15:30:10.793 [Context_1_ConsumerDispatcher] ERROR c.p.g.esb.client.internal.protocol.SmfPubSub.publishMessage:1911 - SmfPubSub - publishMessage
com.solacesystems.jcsmp.ClosedFacilityException: Tried to perform operation on a closed XML message producer
	at com.solacesystems.jcsmp.impl.JCSMPXMLMessageProducer.throwClosedException(JCSMPXMLMessageProducer.java:1465)
	at com.solacesystems.jcsmp.impl.JCSMPXMLMessageProducer.prep_single_send_message_for_publish(JCSMPXMLMessageProducer.java:948)
	at com.solacesystems.jcsmp.impl.JCSMPXMLMessageProducer.sendToDestination(JCSMPXMLMessageProducer.java:847)
	at com.solacesystems.jcsmp.impl.JCSMPXMLMessageProducer.sendToDestination(JCSMPXMLMessageProducer.java:794)
	at com.solacesystems.jcsmp.impl.JCSMPXMLMessageProducer.send(JCSMPXMLMessageProducer.java:614)
	at com.psa.gtosplus.esb.client.internal.protocol.SmfPubSub.publishMessage(SmfPubSub.java:1903)
	at com.psa.gtosplus.esb.client.internal.protocol.SmfPubSub.start(SmfPubSub.java:1398)
	at com.psa.gtosplus.esb.client.internal.protocol.SmfPubSub.restartSMF(SmfPubSub.java:2567)
	at com.psa.gtosplus.esb.client.internal.protocol.SmfPubSub$3.onException(SmfPubSub.java:1344)
	at com.solacesystems.jcsmp.protocol.nio.impl.ConsumerErrorNotification.handleNotification(ConsumerErrorNotification.java:39)
	at com.solacesystems.jcsmp.protocol.nio.impl.ConsumerNotificationDispatcher.eventLoop(ConsumerNotificationDispatcher.java:112)
	at com.solacesystems.jcsmp.protocol.nio.impl.ConsumerNotificationDispatcher.run(ConsumerNotificationDispatcher.java:130)
	at java.base/java.lang.Thread.run(Thread.java:842)
2026-05-14 15:30:10.793 [Context_1_ConsumerDispatcher] ERROR c.p.g.esb.client.internal.protocol.SmfPubSub.onException:1337 - SmfPubSub2 - onException
com.solacesystems.jcsmp.JCSMPErrorResponseException: 503: Unknown Queue
	at com.solacesystems.jcsmp.impl.flow.BindRequestTask.execute(BindRequestTask.java:204)
	at com.solacesystems.jcsmp.impl.flow.SubFlowManagerImpl.handleAssuredCtrlMessage(SubFlowManagerImpl.java:566)
	at com.solacesystems.jcsmp.protocol.impl.TcpClientChannel.handleAssuredCtrlMsg(TcpClientChannel.java:1659)
	at com.solacesystems.jcsmp.protocol.impl.TcpClientChannel.handleMessage(TcpClientChannel.java:1624)
	at com.solacesystems.jcsmp.protocol.nio.impl.SubscriberMessageReader.processRead(SubscriberMessageReader.java:98)
	at com.solacesystems.jcsmp.protocol.nio.impl.SubscriberMessageReader.read(SubscriberMessageReader.java:138)
	at com.solacesystems.jcsmp.protocol.smf.SimpleSmfClient.read(SimpleSmfClient.java:1166)
	at com.solacesystems.jcsmp.protocol.nio.impl.SyncEventDispatcherReactor.processReactorChannels(SyncEventDispatcherReactor.java:206)
	at com.solacesystems.jcsmp.protocol.nio.impl.SyncEventDispatcherReactor.eventLoop(SyncEventDispatcherReactor.java:157)
	at com.solacesystems.jcsmp.protocol.nio.impl.SyncEventDispatcherReactor$SEDReactorThread.run(SyncEventDispatcherReactor.java:338)
	at java.base/java.lang.Thread.run(Thread.java:842)
2026-05-14 15:30:10.793 [Context_1_ConsumerDispatcher] ERROR c.p.g.esb.client.internal.protocol.SmfPubSub.publishMessage:1911 - SmfPubSub - publishMessage
com.solacesystems.jcsmp.ClosedFacilityException: Tried to perform operation on a closed XML message producer
	at com.solacesystems.jcsmp.impl.JCSMPXMLMessageProducer.throwClosedException(JCSMPXMLMessageProducer.java:1465)
	at com.solacesystems.jcsmp.impl.JCSMPXMLMessageProducer.prep_single_send_message_for_publish(JCSMPXMLMessageProducer.java:948)
	at com.solacesystems.jcsmp.impl.JCSMPXMLMessageProducer.sendToDestination(JCSMPXMLMessageProducer.java:847)
	at com.solacesystems.jcsmp.impl.JCSMPXMLMessageProducer.sendToDestination(JCSMPXMLMessageProducer.java:794)
	at com.solacesystems.jcsmp.impl.JCSMPXMLMessageProducer.send(JCSMPXMLMessageProducer.java:614)
	at com.psa.gtosplus.esb.client.internal.protocol.SmfPubSub.publishMessage(SmfPubSub.java:1903)
	at com.psa.gtosplus.esb.client.internal.protocol.SmfPubSub.stop(SmfPubSub.java:1439)
	at com.psa.gtosplus.esb.client.internal.protocol.SmfPubSub.restartSMF(SmfPubSub.java:2565)
	at com.psa.gtosplus.esb.client.internal.protocol.SmfPubSub$3.onException(SmfPubSub.java:1344)
	at com.solacesystems.jcsmp.protocol.nio.impl.ConsumerErrorNotification.handleNotification(ConsumerErrorNotification.java:39)
	at com.solacesystems.jcsmp.protocol.nio.impl.ConsumerNotificationDispatcher.eventLoop(ConsumerNotificationDispatcher.java:112)
	at com.solacesystems.jcsmp.protocol.nio.impl.ConsumerNotificationDispatcher.run(ConsumerNotificationDispatcher.java:130)
	at java.base/java.lang.Thread.run(Thread.java:842)
2026-05-14 15:30:10.842 [Context_1_ConsumerDispatcher] ERROR c.p.g.esb.client.internal.protocol.SmfPubSub.publishMessage:1911 - SmfPubSub - publishMessage
com.solacesystems.jcsmp.ClosedFacilityException: Tried to perform operation on a closed XML message producer
	at com.solacesystems.jcsmp.impl.JCSMPXMLMessageProducer.throwClosedException(JCSMPXMLMessageProducer.java:1465)
	at com.solacesystems.jcsmp.impl.JCSMPXMLMessageProducer.prep_single_send_message_for_publish(JCSMPXMLMessageProducer.java:948)
	at com.solacesystems.jcsmp.impl.JCSMPXMLMessageProducer.sendToDestination(JCSMPXMLMessageProducer.java:847)
	at com.solacesystems.jcsmp.impl.JCSMPXMLMessageProducer.sendToDestination(JCSMPXMLMessageProducer.java:794)
	at com.solacesystems.jcsmp.impl.JCSMPXMLMessageProducer.send(JCSMPXMLMessageProducer.java:614)
	at com.psa.gtosplus.esb.client.internal.protocol.SmfPubSub.publishMessage(SmfPubSub.java:1903)
	at com.psa.gtosplus.esb.client.internal.protocol.SmfPubSub.start(SmfPubSub.java:1398)
	at com.psa.gtosplus.esb.client.internal.protocol.SmfPubSub.restartSMF(SmfPubSub.java:2567)
	at com.psa.gtosplus.esb.client.internal.protocol.SmfPubSub$3.onException(SmfPubSub.java:1344)
	at com.solacesystems.jcsmp.protocol.nio.impl.ConsumerErrorNotification.handleNotification(ConsumerErrorNotification.java:39)
	at com.solacesystems.jcsmp.protocol.nio.impl.ConsumerNotificationDispatcher.eventLoop(ConsumerNotificationDispatcher.java:112)
	at com.solacesystems.jcsmp.protocol.nio.impl.ConsumerNotificationDispatcher.run(ConsumerNotificationDispatcher.java:130)
	at java.base/java.lang.Thread.run(Thread.java:842)
2026-05-14 15:30:10.842 [Context_1_ConsumerDispatcher] ERROR c.p.g.esb.client.internal.protocol.SmfPubSub.onException:1337 - SmfPubSub2 - onException
com.solacesystems.jcsmp.JCSMPErrorResponseException: 503: Unknown Queue
	at com.solacesystems.jcsmp.impl.flow.BindRequestTask.execute(BindRequestTask.java:204)
	at com.solacesystems.jcsmp.impl.flow.SubFlowManagerImpl.handleAssuredCtrlMessage(SubFlowManagerImpl.java:566)
	at com.solacesystems.jcsmp.protocol.impl.TcpClientChannel.handleAssuredCtrlMsg(TcpClientChannel.java:1659)
	at com.solacesystems.jcsmp.protocol.impl.TcpClientChannel.handleMessage(TcpClientChannel.java:1624)
	at com.solacesystems.jcsmp.protocol.nio.impl.SubscriberMessageReader.processRead(SubscriberMessageReader.java:98)
	at com.solacesystems.jcsmp.protocol.nio.impl.SubscriberMessageReader.read(SubscriberMessageReader.java:138)
	at com.solacesystems.jcsmp.protocol.smf.SimpleSmfClient.read(SimpleSmfClient.java:1166)
	at com.solacesystems.jcsmp.protocol.nio.impl.SyncEventDispatcherReactor.processReactorChannels(SyncEventDispatcherReactor.java:206)
	at com.solacesystems.jcsmp.protocol.nio.impl.SyncEventDispatcherReactor.eventLoop(SyncEventDispatcherReactor.java:157)
	at com.solacesystems.jcsmp.protocol.nio.impl.SyncEventDispatcherReactor$SEDReactorThread.run(SyncEventDispatcherReactor.java:338)
	at java.base/java.lang.Thread.run(Thread.java:842)
2026-05-14 15:30:10.842 [Context_1_ConsumerDispatcher] ERROR c.p.g.esb.client.internal.protocol.SmfPubSub.publishMessage:1911 - SmfPubSub - publishMessage
com.solacesystems.jcsmp.ClosedFacilityException: Tried to perform operation on a closed XML message producer
	at com.solacesystems.jcsmp.impl.JCSMPXMLMessageProducer.throwClosedException(JCSMPXMLMessageProducer.java:1465)
	at com.solacesystems.jcsmp.impl.JCSMPXMLMessageProducer.prep_single_send_message_for_publish(JCSMPXMLMessageProducer.java:948)
	at com.solacesystems.jcsmp.impl.JCSMPXMLMessageProducer.sendToDestination(JCSMPXMLMessageProducer.java:847)
	at com.solacesystems.jcsmp.impl.JCSMPXMLMessageProducer.sendToDestination(JCSMPXMLMessageProducer.java:794)
	at com.solacesystems.jcsmp.impl.JCSMPXMLMessageProducer.send(JCSMPXMLMessageProducer.java:614)
	at com.psa.gtosplus.esb.client.internal.protocol.SmfPubSub.publishMessage(SmfPubSub.java:1903)
	at com.psa.gtosplus.esb.client.internal.protocol.SmfPubSub.stop(SmfPubSub.java:1439)
	at com.psa.gtosplus.esb.client.internal.protocol.SmfPubSub.restartSMF(SmfPubSub.java:2565)
	at com.psa.gtosplus.esb.client.internal.protocol.SmfPubSub$3.onException(SmfPubSub.java:1344)
	at com.solacesystems.jcsmp.protocol.nio.impl.ConsumerErrorNotification.handleNotification(ConsumerErrorNotification.java:39)
	at com.solacesystems.jcsmp.protocol.nio.impl.ConsumerNotificationDispatcher.eventLoop(ConsumerNotificationDispatcher.java:112)
	at com.solacesystems.jcsmp.protocol.nio.impl.ConsumerNotificationDispatcher.run(ConsumerNotificationDispatcher.java:130)
	at java.base/java.lang.Thread.run(Thread.java:842)
2026-05-14 15:30:10.873 [Context_1_ConsumerDispatcher] ERROR c.p.g.esb.client.internal.protocol.SmfPubSub.publishMessage:1911 - SmfPubSub - publishMessage
com.solacesystems.jcsmp.ClosedFacilityException: Tried to perform operation on a closed XML message producer
	at com.solacesystems.jcsmp.impl.JCSMPXMLMessageProducer.throwClosedException(JCSMPXMLMessageProducer.java:1465)
	at com.solacesystems.jcsmp.impl.JCSMPXMLMessageProducer.prep_single_send_message_for_publish(JCSMPXMLMessageProducer.java:948)
	at com.solacesystems.jcsmp.impl.JCSMPXMLMessageProducer.sendToDestination(JCSMPXMLMessageProducer.java:847)
	at com.solacesystems.jcsmp.impl.JCSMPXMLMessageProducer.sendToDestination(JCSMPXMLMessageProducer.java:794)
	at com.solacesystems.jcsmp.impl.JCSMPXMLMessageProducer.send(JCSMPXMLMessageProducer.java:614)
	at com.psa.gtosplus.esb.client.internal.protocol.SmfPubSub.publishMessage(SmfPubSub.java:1903)
	at com.psa.gtosplus.esb.client.internal.protocol.SmfPubSub.start(SmfPubSub.java:1398)
	at com.psa.gtosplus.esb.client.internal.protocol.SmfPubSub.restartSMF(SmfPubSub.java:2567)
	at com.psa.gtosplus.esb.client.internal.protocol.SmfPubSub$3.onException(SmfPubSub.java:1344)
	at com.solacesystems.jcsmp.protocol.nio.impl.ConsumerErrorNotification.handleNotification(ConsumerErrorNotification.java:39)
	at com.solacesystems.jcsmp.protocol.nio.impl.ConsumerNotificationDispatcher.eventLoop(ConsumerNotificationDispatcher.java:112)
	at com.solacesystems.jcsmp.protocol.nio.impl.ConsumerNotificationDispatcher.run(ConsumerNotificationDispatcher.java:130)
	at java.base/java.lang.Thread.run(Thread.java:842)
2026-05-14 15:30:10.873 [Context_1_ConsumerDispatcher] ERROR c.p.g.esb.client.internal.protocol.SmfPubSub.onException:1337 - SmfPubSub2 - onException
com.solacesystems.jcsmp.JCSMPErrorResponseException: 503: Unknown Queue
	at com.solacesystems.jcsmp.impl.flow.BindRequestTask.execute(BindRequestTask.java:204)
	at com.solacesystems.jcsmp.impl.flow.SubFlowManagerImpl.handleAssuredCtrlMessage(SubFlowManagerImpl.java:566)
	at com.solacesystems.jcsmp.protocol.impl.TcpClientChannel.handleAssuredCtrlMsg(TcpClientChannel.java:1659)
	at com.solacesystems.jcsmp.protocol.impl.TcpClientChannel.handleMessage(TcpClientChannel.java:1624)
	at com.solacesystems.jcsmp.protocol.nio.impl.SubscriberMessageReader.processRead(SubscriberMessageReader.java:98)
	at com.solacesystems.jcsmp.protocol.nio.impl.SubscriberMessageReader.read(SubscriberMessageReader.java:138)
	at com.solacesystems.jcsmp.protocol.smf.SimpleSmfClient.read(SimpleSmfClient.java:1166)
	at com.solacesystems.jcsmp.protocol.nio.impl.SyncEventDispatcherReactor.processReactorChannels(SyncEventDispatcherReactor.java:206)
	at com.solacesystems.jcsmp.protocol.nio.impl.SyncEventDispatcherReactor.eventLoop(SyncEventDispatcherReactor.java:157)
	at com.solacesystems.jcsmp.protocol.nio.impl.SyncEventDispatcherReactor$SEDReactorThread.run(SyncEventDispatcherReactor.java:338)
	at java.base/java.lang.Thread.run(Thread.java:842)
2026-05-14 15:30:10.873 [Context_1_ConsumerDispatcher] ERROR c.p.g.esb.client.internal.protocol.SmfPubSub.publishMessage:1911 - SmfPubSub - publishMessage
com.solacesystems.jcsmp.ClosedFacilityException: Tried to perform operation on a closed XML message producer
	at com.solacesystems.jcsmp.impl.JCSMPXMLMessageProducer.throwClosedException(JCSMPXMLMessageProducer.java:1465)
	at com.solacesystems.jcsmp.impl.JCSMPXMLMessageProducer.prep_single_send_message_for_publish(JCSMPXMLMessageProducer.java:948)
	at com.solacesystems.jcsmp.impl.JCSMPXMLMessageProducer.sendToDestination(JCSMPXMLMessageProducer.java:847)
	at com.solacesystems.jcsmp.impl.JCSMPXMLMessageProducer.sendToDestination(JCSMPXMLMessageProducer.java:794)
	at com.solacesystems.jcsmp.impl.JCSMPXMLMessageProducer.send(JCSMPXMLMessageProducer.java:614)
	at com.psa.gtosplus.esb.client.internal.protocol.SmfPubSub.publishMessage(SmfPubSub.java:1903)
	at com.psa.gtosplus.esb.client.internal.protocol.SmfPubSub.stop(SmfPubSub.java:1439)
	at com.psa.gtosplus.esb.client.internal.protocol.SmfPubSub.restartSMF(SmfPubSub.java:2565)
	at com.psa.gtosplus.esb.client.internal.protocol.SmfPubSub$3.onException(SmfPubSub.java:1344)
	at com.solacesystems.jcsmp.protocol.nio.impl.ConsumerErrorNotification.handleNotification(ConsumerErrorNotification.java:39)
	at com.solacesystems.jcsmp.protocol.nio.impl.ConsumerNotificationDispatcher.eventLoop(ConsumerNotificationDispatcher.java:112)
	at com.solacesystems.jcsmp.protocol.nio.impl.ConsumerNotificationDispatcher.run(ConsumerNotificationDispatcher.java:130)
	at java.base/java.lang.Thread.run(Thread.java:842)
2026-05-14 15:30:10.907 [Context_1_ConsumerDispatcher] ERROR c.p.g.esb.client.internal.protocol.SmfPubSub.publishMessage:1911 - SmfPubSub - publishMessage
com.solacesystems.jcsmp.ClosedFacilityException: Tried to perform operation on a closed XML message producer
	at com.solacesystems.jcsmp.impl.JCSMPXMLMessageProducer.throwClosedException(JCSMPXMLMessageProducer.java:1465)
	at com.solacesystems.jcsmp.impl.JCSMPXMLMessageProducer.prep_single_send_message_for_publish(JCSMPXMLMessageProducer.java:948)
	at com.solacesystems.jcsmp.impl.JCSMPXMLMessageProducer.sendToDestination(JCSMPXMLMessageProducer.java:847)
	at com.solacesystems.jcsmp.impl.JCSMPXMLMessageProducer.sendToDestination(JCSMPXMLMessageProducer.java:794)
	at com.solacesystems.jcsmp.impl.JCSMPXMLMessageProducer.send(JCSMPXMLMessageProducer.java:614)
	at com.psa.gtosplus.esb.client.internal.protocol.SmfPubSub.publishMessage(SmfPubSub.java:1903)
	at com.psa.gtosplus.esb.client.internal.protocol.SmfPubSub.start(SmfPubSub.java:1398)
	at com.psa.gtosplus.esb.client.internal.protocol.SmfPubSub.restartSMF(SmfPubSub.java:2567)
	at com.psa.gtosplus.esb.client.internal.protocol.SmfPubSub$3.onException(SmfPubSub.java:1344)
	at com.solacesystems.jcsmp.protocol.nio.impl.ConsumerErrorNotification.handleNotification(ConsumerErrorNotification.java:39)
	at com.solacesystems.jcsmp.protocol.nio.impl.ConsumerNotificationDispatcher.eventLoop(ConsumerNotificationDispatcher.java:112)
	at com.solacesystems.jcsmp.protocol.nio.impl.ConsumerNotificationDispatcher.run(ConsumerNotificationDispatcher.java:130)
	at java.base/java.lang.Thread.run(Thread.java:842)
2026-05-14 15:30:10.907 [Context_1_ConsumerDispatcher] ERROR c.p.g.esb.client.internal.protocol.SmfPubSub.onException:1337 - SmfPubSub2 - onException
com.solacesystems.jcsmp.JCSMPErrorResponseException: 503: Unknown Queue
	at com.solacesystems.jcsmp.impl.flow.BindRequestTask.execute(BindRequestTask.java:204)
	at com.solacesystems.jcsmp.impl.flow.SubFlowManagerImpl.handleAssuredCtrlMessage(SubFlowManagerImpl.java:566)
	at com.solacesystems.jcsmp.protocol.impl.TcpClientChannel.handleAssuredCtrlMsg(TcpClientChannel.java:1659)
	at com.solacesystems.jcsmp.protocol.impl.TcpClientChannel.handleMessage(TcpClientChannel.java:1624)
	at com.solacesystems.jcsmp.protocol.nio.impl.SubscriberMessageReader.processRead(SubscriberMessageReader.java:98)
	at com.solacesystems.jcsmp.protocol.nio.impl.SubscriberMessageReader.read(SubscriberMessageReader.java:138)
	at com.solacesystems.jcsmp.protocol.smf.SimpleSmfClient.read(SimpleSmfClient.java:1166)
	at com.solacesystems.jcsmp.protocol.nio.impl.SyncEventDispatcherReactor.processReactorChannels(SyncEventDispatcherReactor.java:206)
	at com.solacesystems.jcsmp.protocol.nio.impl.SyncEventDispatcherReactor.eventLoop(SyncEventDispatcherReactor.java:157)
	at com.solacesystems.jcsmp.protocol.nio.impl.SyncEventDispatcherReactor$SEDReactorThread.run(SyncEventDispatcherReactor.java:338)
	at java.base/java.lang.Thread.run(Thread.java:842)
2026-05-14 15:30:10.907 [Context_1_ConsumerDispatcher] ERROR c.p.g.esb.client.internal.protocol.SmfPubSub.publishMessage:1911 - SmfPubSub - publishMessage
com.solacesystems.jcsmp.ClosedFacilityException: Tried to perform operation on a closed XML message producer
	at com.solacesystems.jcsmp.impl.JCSMPXMLMessageProducer.throwClosedException(JCSMPXMLMessageProducer.java:1465)
	at com.solacesystems.jcsmp.impl.JCSMPXMLMessageProducer.prep_single_send_message_for_publish(JCSMPXMLMessageProducer.java:948)
	at com.solacesystems.jcsmp.impl.JCSMPXMLMessageProducer.sendToDestination(JCSMPXMLMessageProducer.java:847)
	at com.solacesystems.jcsmp.impl.JCSMPXMLMessageProducer.sendToDestination(JCSMPXMLMessageProducer.java:794)
	at com.solacesystems.jcsmp.impl.JCSMPXMLMessageProducer.send(JCSMPXMLMessageProducer.java:614)
	at com.psa.gtosplus.esb.client.internal.protocol.SmfPubSub.publishMessage(SmfPubSub.java:1903)
	at com.psa.gtosplus.esb.client.internal.protocol.SmfPubSub.stop(SmfPubSub.java:1439)
	at com.psa.gtosplus.esb.client.internal.protocol.SmfPubSub.restartSMF(SmfPubSub.java:2565)
	at com.psa.gtosplus.esb.client.internal.protocol.SmfPubSub$3.onException(SmfPubSub.java:1344)
	at com.solacesystems.jcsmp.protocol.nio.impl.ConsumerErrorNotification.handleNotification(ConsumerErrorNotification.java:39)
	at com.solacesystems.jcsmp.protocol.nio.impl.ConsumerNotificationDispatcher.eventLoop(ConsumerNotificationDispatcher.java:112)
	at com.solacesystems.jcsmp.protocol.nio.impl.ConsumerNotificationDispatcher.run(ConsumerNotificationDispatcher.java:130)
	at java.base/java.lang.Thread.run(Thread.java:842)
2026-05-14 15:30:10.939 [Context_1_ConsumerDispatcher] ERROR c.p.g.esb.client.internal.protocol.SmfPubSub.publishMessage:1911 - SmfPubSub - publishMessage
com.solacesystems.jcsmp.ClosedFacilityException: Tried to perform operation on a closed XML message producer
	at com.solacesystems.jcsmp.impl.JCSMPXMLMessageProducer.throwClosedException(JCSMPXMLMessageProducer.java:1465)
	at com.solacesystems.jcsmp.impl.JCSMPXMLMessageProducer.prep_single_send_message_for_publish(JCSMPXMLMessageProducer.java:948)
	at com.solacesystems.jcsmp.impl.JCSMPXMLMessageProducer.sendToDestination(JCSMPXMLMessageProducer.java:847)
	at com.solacesystems.jcsmp.impl.JCSMPXMLMessageProducer.sendToDestination(JCSMPXMLMessageProducer.java:794)
	at com.solacesystems.jcsmp.impl.JCSMPXMLMessageProducer.send(JCSMPXMLMessageProducer.java:614)
	at com.psa.gtosplus.esb.client.internal.protocol.SmfPubSub.publishMessage(SmfPubSub.java:1903)
	at com.psa.gtosplus.esb.client.internal.protocol.SmfPubSub.start(SmfPubSub.java:1398)
	at com.psa.gtosplus.esb.client.internal.protocol.SmfPubSub.restartSMF(SmfPubSub.java:2567)
	at com.psa.gtosplus.esb.client.internal.protocol.SmfPubSub$3.onException(SmfPubSub.java:1344)
	at com.solacesystems.jcsmp.protocol.nio.impl.ConsumerErrorNotification.handleNotification(ConsumerErrorNotification.java:39)
	at com.solacesystems.jcsmp.protocol.nio.impl.ConsumerNotificationDispatcher.eventLoop(ConsumerNotificationDispatcher.java:112)
	at com.solacesystems.jcsmp.protocol.nio.impl.ConsumerNotificationDispatcher.run(ConsumerNotificationDispatcher.java:130)
	at java.base/java.lang.Thread.run(Thread.java:842)
2026-05-14 15:30:10.939 [Context_1_ConsumerDispatcher] ERROR c.p.g.esb.client.internal.protocol.SmfPubSub.onException:1337 - SmfPubSub2 - onException
com.solacesystems.jcsmp.JCSMPErrorResponseException: 503: Unknown Queue
	at com.solacesystems.jcsmp.impl.flow.BindRequestTask.execute(BindRequestTask.java:204)
	at com.solacesystems.jcsmp.impl.flow.SubFlowManagerImpl.handleAssuredCtrlMessage(SubFlowManagerImpl.java:566)
	at com.solacesystems.jcsmp.protocol.impl.TcpClientChannel.handleAssuredCtrlMsg(TcpClientChannel.java:1659)
	at com.solacesystems.jcsmp.protocol.impl.TcpClientChannel.handleMessage(TcpClientChannel.java:1624)
	at com.solacesystems.jcsmp.protocol.nio.impl.SubscriberMessageReader.processRead(SubscriberMessageReader.java:98)
	at com.solacesystems.jcsmp.protocol.nio.impl.SubscriberMessageReader.read(SubscriberMessageReader.java:138)
	at com.solacesystems.jcsmp.protocol.smf.SimpleSmfClient.read(SimpleSmfClient.java:1166)
	at com.solacesystems.jcsmp.protocol.nio.impl.SyncEventDispatcherReactor.processReactorChannels(SyncEventDispatcherReactor.java:206)
	at com.solacesystems.jcsmp.protocol.nio.impl.SyncEventDispatcherReactor.eventLoop(SyncEventDispatcherReactor.java:157)
	at com.solacesystems.jcsmp.protocol.nio.impl.SyncEventDispatcherReactor$SEDReactorThread.run(SyncEventDispatcherReactor.java:338)
	at java.base/java.lang.Thread.run(Thread.java:842)
2026-05-14 15:30:10.939 [Context_1_ConsumerDispatcher] ERROR c.p.g.esb.client.internal.protocol.SmfPubSub.publishMessage:1911 - SmfPubSub - publishMessage
com.solacesystems.jcsmp.ClosedFacilityException: Tried to perform operation on a closed XML message producer
	at com.solacesystems.jcsmp.impl.JCSMPXMLMessageProducer.throwClosedException(JCSMPXMLMessageProducer.java:1465)
	at com.solacesystems.jcsmp.impl.JCSMPXMLMessageProducer.prep_single_send_message_for_publish(JCSMPXMLMessageProducer.java:948)
	at com.solacesystems.jcsmp.impl.JCSMPXMLMessageProducer.sendToDestination(JCSMPXMLMessageProducer.java:847)
	at com.solacesystems.jcsmp.impl.JCSMPXMLMessageProducer.sendToDestination(JCSMPXMLMessageProducer.java:794)
	at com.solacesystems.jcsmp.impl.JCSMPXMLMessageProducer.send(JCSMPXMLMessageProducer.java:614)
	at com.psa.gtosplus.esb.client.internal.protocol.SmfPubSub.publishMessage(SmfPubSub.java:1903)
	at com.psa.gtosplus.esb.client.internal.protocol.SmfPubSub.stop(SmfPubSub.java:1439)
	at com.psa.gtosplus.esb.client.internal.protocol.SmfPubSub.restartSMF(SmfPubSub.java:2565)
	at com.psa.gtosplus.esb.client.internal.protocol.SmfPubSub$3.onException(SmfPubSub.java:1344)
	at com.solacesystems.jcsmp.protocol.nio.impl.ConsumerErrorNotification.handleNotification(ConsumerErrorNotification.java:39)
	at com.solacesystems.jcsmp.protocol.nio.impl.ConsumerNotificationDispatcher.eventLoop(ConsumerNotificationDispatcher.java:112)
	at com.solacesystems.jcsmp.protocol.nio.impl.ConsumerNotificationDispatcher.run(ConsumerNotificationDispatcher.java:130)
	at java.base/java.lang.Thread.run(Thread.java:842)
2026-05-14 15:30:10.978 [Context_1_ConsumerDispatcher] ERROR c.p.g.esb.client.internal.protocol.SmfPubSub.publishMessage:1911 - SmfPubSub - publishMessage
com.solacesystems.jcsmp.ClosedFacilityException: Tried to perform operation on a closed XML message producer
	at com.solacesystems.jcsmp.impl.JCSMPXMLMessageProducer.throwClosedException(JCSMPXMLMessageProducer.java:1465)
	at com.solacesystems.jcsmp.impl.JCSMPXMLMessageProducer.prep_single_send_message_for_publish(JCSMPXMLMessageProducer.java:948)
	at com.solacesystems.jcsmp.impl.JCSMPXMLMessageProducer.sendToDestination(JCSMPXMLMessageProducer.java:847)
	at com.solacesystems.jcsmp.impl.JCSMPXMLMessageProducer.sendToDestination(JCSMPXMLMessageProducer.java:794)
	at com.solacesystems.jcsmp.impl.JCSMPXMLMessageProducer.send(JCSMPXMLMessageProducer.java:614)
	at com.psa.gtosplus.esb.client.internal.protocol.SmfPubSub.publishMessage(SmfPubSub.java:1903)
	at com.psa.gtosplus.esb.client.internal.protocol.SmfPubSub.start(SmfPubSub.java:1398)
	at com.psa.gtosplus.esb.client.internal.protocol.SmfPubSub.restartSMF(SmfPubSub.java:2567)
	at com.psa.gtosplus.esb.client.internal.protocol.SmfPubSub$3.onException(SmfPubSub.java:1344)
	at com.solacesystems.jcsmp.protocol.nio.impl.ConsumerErrorNotification.handleNotification(ConsumerErrorNotification.java:39)
	at com.solacesystems.jcsmp.protocol.nio.impl.ConsumerNotificationDispatcher.eventLoop(ConsumerNotificationDispatcher.java:112)
	at com.solacesystems.jcsmp.protocol.nio.impl.ConsumerNotificationDispatcher.run(ConsumerNotificationDispatcher.java:130)
	at java.base/java.lang.Thread.run(Thread.java:842)
2026-05-14 15:30:10.978 [Context_1_ConsumerDispatcher] ERROR c.p.g.esb.client.internal.protocol.SmfPubSub.onException:1337 - SmfPubSub2 - onException
com.solacesystems.jcsmp.JCSMPErrorResponseException: 503: Unknown Queue
	at com.solacesystems.jcsmp.impl.flow.BindRequestTask.execute(BindRequestTask.java:204)
	at com.solacesystems.jcsmp.impl.flow.SubFlowManagerImpl.handleAssuredCtrlMessage(SubFlowManagerImpl.java:566)
	at com.solacesystems.jcsmp.protocol.impl.TcpClientChannel.handleAssuredCtrlMsg(TcpClientChannel.java:1659)
	at com.solacesystems.jcsmp.protocol.impl.TcpClientChannel.handleMessage(TcpClientChannel.java:1624)
	at com.solacesystems.jcsmp.protocol.nio.impl.SubscriberMessageReader.processRead(SubscriberMessageReader.java:98)
	at com.solacesystems.jcsmp.protocol.nio.impl.SubscriberMessageReader.read(SubscriberMessageReader.java:138)
	at com.solacesystems.jcsmp.protocol.smf.SimpleSmfClient.read(SimpleSmfClient.java:1166)
	at com.solacesystems.jcsmp.protocol.nio.impl.SyncEventDispatcherReactor.processReactorChannels(SyncEventDispatcherReactor.java:206)
	at com.solacesystems.jcsmp.protocol.nio.impl.SyncEventDispatcherReactor.eventLoop(SyncEventDispatcherReactor.java:157)
	at com.solacesystems.jcsmp.protocol.nio.impl.SyncEventDispatcherReactor$SEDReactorThread.run(SyncEventDispatcherReactor.java:338)
	at java.base/java.lang.Thread.run(Thread.java:842)
2026-05-14 15:30:10.978 [Context_1_ConsumerDispatcher] ERROR c.p.g.esb.client.internal.protocol.SmfPubSub.publishMessage:1911 - SmfPubSub - publishMessage
com.solacesystems.jcsmp.ClosedFacilityException: Tried to perform operation on a closed XML message producer
	at com.solacesystems.jcsmp.impl.JCSMPXMLMessageProducer.throwClosedException(JCSMPXMLMessageProducer.java:1465)
	at com.solacesystems.jcsmp.impl.JCSMPXMLMessageProducer.prep_single_send_message_for_publish(JCSMPXMLMessageProducer.java:948)
	at com.solacesystems.jcsmp.impl.JCSMPXMLMessageProducer.sendToDestination(JCSMPXMLMessageProducer.java:847)
	at com.solacesystems.jcsmp.impl.JCSMPXMLMessageProducer.sendToDestination(JCSMPXMLMessageProducer.java:794)
	at com.solacesystems.jcsmp.impl.JCSMPXMLMessageProducer.send(JCSMPXMLMessageProducer.java:614)
	at com.psa.gtosplus.esb.client.internal.protocol.SmfPubSub.publishMessage(SmfPubSub.java:1903)
	at com.psa.gtosplus.esb.client.internal.protocol.SmfPubSub.stop(SmfPubSub.java:1439)
	at com.psa.gtosplus.esb.client.internal.protocol.SmfPubSub.restartSMF(SmfPubSub.java:2565)
	at com.psa.gtosplus.esb.client.internal.protocol.SmfPubSub$3.onException(SmfPubSub.java:1344)
	at com.solacesystems.jcsmp.protocol.nio.impl.ConsumerErrorNotification.handleNotification(ConsumerErrorNotification.java:39)
	at com.solacesystems.jcsmp.protocol.nio.impl.ConsumerNotificationDispatcher.eventLoop(ConsumerNotificationDispatcher.java:112)
	at com.solacesystems.jcsmp.protocol.nio.impl.ConsumerNotificationDispatcher.run(ConsumerNotificationDispatcher.java:130)
	at java.base/java.lang.Thread.run(Thread.java:842)
2026-05-14 15:30:11.009 [Context_1_ConsumerDispatcher] ERROR c.p.g.esb.client.internal.protocol.SmfPubSub.publishMessage:1911 - SmfPubSub - publishMessage
com.solacesystems.jcsmp.ClosedFacilityException: Tried to perform operation on a closed XML message producer
	at com.solacesystems.jcsmp.impl.JCSMPXMLMessageProducer.throwClosedException(JCSMPXMLMessageProducer.java:1465)
	at com.solacesystems.jcsmp.impl.JCSMPXMLMessageProducer.prep_single_send_message_for_publish(JCSMPXMLMessageProducer.java:948)
	at com.solacesystems.jcsmp.impl.JCSMPXMLMessageProducer.sendToDestination(JCSMPXMLMessageProducer.java:847)
	at com.solacesystems.jcsmp.impl.JCSMPXMLMessageProducer.sendToDestination(JCSMPXMLMessageProducer.java:794)
	at com.solacesystems.jcsmp.impl.JCSMPXMLMessageProducer.send(JCSMPXMLMessageProducer.java:614)
	at com.psa.gtosplus.esb.client.internal.protocol.SmfPubSub.publishMessage(SmfPubSub.java:1903)
	at com.psa.gtosplus.esb.client.internal.protocol.SmfPubSub.start(SmfPubSub.java:1398)
	at com.psa.gtosplus.esb.client.internal.protocol.SmfPubSub.restartSMF(SmfPubSub.java:2567)
	at com.psa.gtosplus.esb.client.internal.protocol.SmfPubSub$3.onException(SmfPubSub.java:1344)
	at com.solacesystems.jcsmp.protocol.nio.impl.ConsumerErrorNotification.handleNotification(ConsumerErrorNotification.java:39)
	at com.solacesystems.jcsmp.protocol.nio.impl.ConsumerNotificationDispatcher.eventLoop(ConsumerNotificationDispatcher.java:112)
	at com.solacesystems.jcsmp.protocol.nio.impl.ConsumerNotificationDispatcher.run(ConsumerNotificationDispatcher.java:130)
	at java.base/java.lang.Thread.run(Thread.java:842)
2026-05-14 15:30:11.009 [Context_1_ConsumerDispatcher] ERROR c.p.g.esb.client.internal.protocol.SmfPubSub.onException:1337 - SmfPubSub2 - onException
com.solacesystems.jcsmp.JCSMPErrorResponseException: 503: Unknown Queue
	at com.solacesystems.jcsmp.impl.flow.BindRequestTask.execute(BindRequestTask.java:204)
	at com.solacesystems.jcsmp.impl.flow.SubFlowManagerImpl.handleAssuredCtrlMessage(SubFlowManagerImpl.java:566)
	at com.solacesystems.jcsmp.protocol.impl.TcpClientChannel.handleAssuredCtrlMsg(TcpClientChannel.java:1659)
	at com.solacesystems.jcsmp.protocol.impl.TcpClientChannel.handleMessage(TcpClientChannel.java:1624)
	at com.solacesystems.jcsmp.protocol.nio.impl.SubscriberMessageReader.processRead(SubscriberMessageReader.java:98)
	at com.solacesystems.jcsmp.protocol.nio.impl.SubscriberMessageReader.read(SubscriberMessageReader.java:138)
	at com.solacesystems.jcsmp.protocol.smf.SimpleSmfClient.read(SimpleSmfClient.java:1166)
	at com.solacesystems.jcsmp.protocol.nio.impl.SyncEventDispatcherReactor.processReactorChannels(SyncEventDispatcherReactor.java:206)
	at com.solacesystems.jcsmp.protocol.nio.impl.SyncEventDispatcherReactor.eventLoop(SyncEventDispatcherReactor.java:157)
	at com.solacesystems.jcsmp.protocol.nio.impl.SyncEventDispatcherReactor$SEDReactorThread.run(SyncEventDispatcherReactor.java:338)
	at java.base/java.lang.Thread.run(Thread.java:842)
2026-05-14 15:30:11.009 [Context_1_ConsumerDispatcher] ERROR c.p.g.esb.client.internal.protocol.SmfPubSub.publishMessage:1911 - SmfPubSub - publishMessage
com.solacesystems.jcsmp.ClosedFacilityException: Tried to perform operation on a closed XML message producer
	at com.solacesystems.jcsmp.impl.JCSMPXMLMessageProducer.throwClosedException(JCSMPXMLMessageProducer.java:1465)
	at com.solacesystems.jcsmp.impl.JCSMPXMLMessageProducer.prep_single_send_message_for_publish(JCSMPXMLMessageProducer.java:948)
	at com.solacesystems.jcsmp.impl.JCSMPXMLMessageProducer.sendToDestination(JCSMPXMLMessageProducer.java:847)
	at com.solacesystems.jcsmp.impl.JCSMPXMLMessageProducer.sendToDestination(JCSMPXMLMessageProducer.java:794)
	at com.solacesystems.jcsmp.impl.JCSMPXMLMessageProducer.send(JCSMPXMLMessageProducer.java:614)
	at com.psa.gtosplus.esb.client.internal.protocol.SmfPubSub.publishMessage(SmfPubSub.java:1903)
	at com.psa.gtosplus.esb.client.internal.protocol.SmfPubSub.stop(SmfPubSub.java:1439)
	at com.psa.gtosplus.esb.client.internal.protocol.SmfPubSub.restartSMF(SmfPubSub.java:2565)
	at com.psa.gtosplus.esb.client.internal.protocol.SmfPubSub$3.onException(SmfPubSub.java:1344)
	at com.solacesystems.jcsmp.protocol.nio.impl.ConsumerErrorNotification.handleNotification(ConsumerErrorNotification.java:39)
	at com.solacesystems.jcsmp.protocol.nio.impl.ConsumerNotificationDispatcher.eventLoop(ConsumerNotificationDispatcher.java:112)
	at com.solacesystems.jcsmp.protocol.nio.impl.ConsumerNotificationDispatcher.run(ConsumerNotificationDispatcher.java:130)
	at java.base/java.lang.Thread.run(Thread.java:842)
2026-05-14 15:30:11.040 [Context_1_ConsumerDispatcher] ERROR c.p.g.esb.client.internal.protocol.SmfPubSub.publishMessage:1911 - SmfPubSub - publishMessage
com.solacesystems.jcsmp.ClosedFacilityException: Tried to perform operation on a closed XML message producer
	at com.solacesystems.jcsmp.impl.JCSMPXMLMessageProducer.throwClosedException(JCSMPXMLMessageProducer.java:1465)
	at com.solacesystems.jcsmp.impl.JCSMPXMLMessageProducer.prep_single_send_message_for_publish(JCSMPXMLMessageProducer.java:948)
	at com.solacesystems.jcsmp.impl.JCSMPXMLMessageProducer.sendToDestination(JCSMPXMLMessageProducer.java:847)
	at com.solacesystems.jcsmp.impl.JCSMPXMLMessageProducer.sendToDestination(JCSMPXMLMessageProducer.java:794)
	at com.solacesystems.jcsmp.impl.JCSMPXMLMessageProducer.send(JCSMPXMLMessageProducer.java:614)
	at com.psa.gtosplus.esb.client.internal.protocol.SmfPubSub.publishMessage(SmfPubSub.java:1903)
	at com.psa.gtosplus.esb.client.internal.protocol.SmfPubSub.start(SmfPubSub.java:1398)
	at com.psa.gtosplus.esb.client.internal.protocol.SmfPubSub.restartSMF(SmfPubSub.java:2567)
	at com.psa.gtosplus.esb.client.internal.protocol.SmfPubSub$3.onException(SmfPubSub.java:1344)
	at com.solacesystems.jcsmp.protocol.nio.impl.ConsumerErrorNotification.handleNotification(ConsumerErrorNotification.java:39)
	at com.solacesystems.jcsmp.protocol.nio.impl.ConsumerNotificationDispatcher.eventLoop(ConsumerNotificationDispatcher.java:112)
	at com.solacesystems.jcsmp.protocol.nio.impl.ConsumerNotificationDispatcher.run(ConsumerNotificationDispatcher.java:130)
	at java.base/java.lang.Thread.run(Thread.java:842)
2026-05-14 15:30:11.040 [Context_1_ConsumerDispatcher] ERROR c.p.g.esb.client.internal.protocol.SmfPubSub.onException:1337 - SmfPubSub2 - onException
com.solacesystems.jcsmp.JCSMPErrorResponseException: 503: Unknown Queue
	at com.solacesystems.jcsmp.impl.flow.BindRequestTask.execute(BindRequestTask.java:204)
	at com.solacesystems.jcsmp.impl.flow.SubFlowManagerImpl.handleAssuredCtrlMessage(SubFlowManagerImpl.java:566)
	at com.solacesystems.jcsmp.protocol.impl.TcpClientChannel.handleAssuredCtrlMsg(TcpClientChannel.java:1659)
	at com.solacesystems.jcsmp.protocol.impl.TcpClientChannel.handleMessage(TcpClientChannel.java:1624)
	at com.solacesystems.jcsmp.protocol.nio.impl.SubscriberMessageReader.processRead(SubscriberMessageReader.java:98)
	at com.solacesystems.jcsmp.protocol.nio.impl.SubscriberMessageReader.read(SubscriberMessageReader.java:138)
	at com.solacesystems.jcsmp.protocol.smf.SimpleSmfClient.read(SimpleSmfClient.java:1166)
	at com.solacesystems.jcsmp.protocol.nio.impl.SyncEventDispatcherReactor.processReactorChannels(SyncEventDispatcherReactor.java:206)
	at com.solacesystems.jcsmp.protocol.nio.impl.SyncEventDispatcherReactor.eventLoop(SyncEventDispatcherReactor.java:157)
	at com.solacesystems.jcsmp.protocol.nio.impl.SyncEventDispatcherReactor$SEDReactorThread.run(SyncEventDispatcherReactor.java:338)
	at java.base/java.lang.Thread.run(Thread.java:842)
2026-05-14 15:30:11.056 [Context_1_ConsumerDispatcher] ERROR c.p.g.esb.client.internal.protocol.SmfPubSub.publishMessage:1911 - SmfPubSub - publishMessage
com.solacesystems.jcsmp.ClosedFacilityException: Tried to perform operation on a closed XML message producer
	at com.solacesystems.jcsmp.impl.JCSMPXMLMessageProducer.throwClosedException(JCSMPXMLMessageProducer.java:1465)
	at com.solacesystems.jcsmp.impl.JCSMPXMLMessageProducer.prep_single_send_message_for_publish(JCSMPXMLMessageProducer.java:948)
	at com.solacesystems.jcsmp.impl.JCSMPXMLMessageProducer.sendToDestination(JCSMPXMLMessageProducer.java:847)
	at com.solacesystems.jcsmp.impl.JCSMPXMLMessageProducer.sendToDestination(JCSMPXMLMessageProducer.java:794)
	at com.solacesystems.jcsmp.impl.JCSMPXMLMessageProducer.send(JCSMPXMLMessageProducer.java:614)
	at com.psa.gtosplus.esb.client.internal.protocol.SmfPubSub.publishMessage(SmfPubSub.java:1903)
	at com.psa.gtosplus.esb.client.internal.protocol.SmfPubSub.stop(SmfPubSub.java:1439)
	at com.psa.gtosplus.esb.client.internal.protocol.SmfPubSub.restartSMF(SmfPubSub.java:2565)
	at com.psa.gtosplus.esb.client.internal.protocol.SmfPubSub$3.onException(SmfPubSub.java:1344)
	at com.solacesystems.jcsmp.protocol.nio.impl.ConsumerErrorNotification.handleNotification(ConsumerErrorNotification.java:39)
	at com.solacesystems.jcsmp.protocol.nio.impl.ConsumerNotificationDispatcher.eventLoop(ConsumerNotificationDispatcher.java:112)
	at com.solacesystems.jcsmp.protocol.nio.impl.ConsumerNotificationDispatcher.run(ConsumerNotificationDispatcher.java:130)
	at java.base/java.lang.Thread.run(Thread.java:842)
2026-05-14 15:30:11.072 [Context_1_ConsumerDispatcher] ERROR c.p.g.esb.client.internal.protocol.SmfPubSub.publishMessage:1911 - SmfPubSub - publishMessage
com.solacesystems.jcsmp.ClosedFacilityException: Tried to perform operation on a closed XML message producer
	at com.solacesystems.jcsmp.impl.JCSMPXMLMessageProducer.throwClosedException(JCSMPXMLMessageProducer.java:1465)
	at com.solacesystems.jcsmp.impl.JCSMPXMLMessageProducer.prep_single_send_message_for_publish(JCSMPXMLMessageProducer.java:948)
	at com.solacesystems.jcsmp.impl.JCSMPXMLMessageProducer.sendToDestination(JCSMPXMLMessageProducer.java:847)
	at com.solacesystems.jcsmp.impl.JCSMPXMLMessageProducer.sendToDestination(JCSMPXMLMessageProducer.java:794)
	at com.solacesystems.jcsmp.impl.JCSMPXMLMessageProducer.send(JCSMPXMLMessageProducer.java:614)
	at com.psa.gtosplus.esb.client.internal.protocol.SmfPubSub.publishMessage(SmfPubSub.java:1903)
	at com.psa.gtosplus.esb.client.internal.protocol.SmfPubSub.start(SmfPubSub.java:1398)
	at com.psa.gtosplus.esb.client.internal.protocol.SmfPubSub.restartSMF(SmfPubSub.java:2567)
	at com.psa.gtosplus.esb.client.internal.protocol.SmfPubSub$3.onException(SmfPubSub.java:1344)
	at com.solacesystems.jcsmp.protocol.nio.impl.ConsumerErrorNotification.handleNotification(ConsumerErrorNotification.java:39)
	at com.solacesystems.jcsmp.protocol.nio.impl.ConsumerNotificationDispatcher.eventLoop(ConsumerNotificationDispatcher.java:112)
	at com.solacesystems.jcsmp.protocol.nio.impl.ConsumerNotificationDispatcher.run(ConsumerNotificationDispatcher.java:130)
	at java.base/java.lang.Thread.run(Thread.java:842)
2026-05-14 15:30:11.072 [Context_1_ConsumerDispatcher] ERROR c.p.g.esb.client.internal.protocol.SmfPubSub.onException:1337 - SmfPubSub2 - onException
com.solacesystems.jcsmp.JCSMPErrorResponseException: 503: Unknown Queue
	at com.solacesystems.jcsmp.impl.flow.BindRequestTask.execute(BindRequestTask.java:204)
	at com.solacesystems.jcsmp.impl.flow.SubFlowManagerImpl.handleAssuredCtrlMessage(SubFlowManagerImpl.java:566)
	at com.solacesystems.jcsmp.protocol.impl.TcpClientChannel.handleAssuredCtrlMsg(TcpClientChannel.java:1659)
	at com.solacesystems.jcsmp.protocol.impl.TcpClientChannel.handleMessage(TcpClientChannel.java:1624)
	at com.solacesystems.jcsmp.protocol.nio.impl.SubscriberMessageReader.processRead(SubscriberMessageReader.java:98)
	at com.solacesystems.jcsmp.protocol.nio.impl.SubscriberMessageReader.read(SubscriberMessageReader.java:138)
	at com.solacesystems.jcsmp.protocol.smf.SimpleSmfClient.read(SimpleSmfClient.java:1166)
	at com.solacesystems.jcsmp.protocol.nio.impl.SyncEventDispatcherReactor.processReactorChannels(SyncEventDispatcherReactor.java:206)
	at com.solacesystems.jcsmp.protocol.nio.impl.SyncEventDispatcherReactor.eventLoop(SyncEventDispatcherReactor.java:157)
	at com.solacesystems.jcsmp.protocol.nio.impl.SyncEventDispatcherReactor$SEDReactorThread.run(SyncEventDispatcherReactor.java:338)
	at java.base/java.lang.Thread.run(Thread.java:842)
2026-05-14 15:30:11.087 [Context_1_ConsumerDispatcher] ERROR c.p.g.esb.client.internal.protocol.SmfPubSub.publishMessage:1911 - SmfPubSub - publishMessage
com.solacesystems.jcsmp.ClosedFacilityException: Tried to perform operation on a closed XML message producer
	at com.solacesystems.jcsmp.impl.JCSMPXMLMessageProducer.throwClosedException(JCSMPXMLMessageProducer.java:1465)
	at com.solacesystems.jcsmp.impl.JCSMPXMLMessageProducer.prep_single_send_message_for_publish(JCSMPXMLMessageProducer.java:948)
	at com.solacesystems.jcsmp.impl.JCSMPXMLMessageProducer.sendToDestination(JCSMPXMLMessageProducer.java:847)
	at com.solacesystems.jcsmp.impl.JCSMPXMLMessageProducer.sendToDestination(JCSMPXMLMessageProducer.java:794)
	at com.solacesystems.jcsmp.impl.JCSMPXMLMessageProducer.send(JCSMPXMLMessageProducer.java:614)
	at com.psa.gtosplus.esb.client.internal.protocol.SmfPubSub.publishMessage(SmfPubSub.java:1903)
	at com.psa.gtosplus.esb.client.internal.protocol.SmfPubSub.stop(SmfPubSub.java:1439)
	at com.psa.gtosplus.esb.client.internal.protocol.SmfPubSub.restartSMF(SmfPubSub.java:2565)
	at com.psa.gtosplus.esb.client.internal.protocol.SmfPubSub$3.onException(SmfPubSub.java:1344)
	at com.solacesystems.jcsmp.protocol.nio.impl.ConsumerErrorNotification.handleNotification(ConsumerErrorNotification.java:39)
	at com.solacesystems.jcsmp.protocol.nio.impl.ConsumerNotificationDispatcher.eventLoop(ConsumerNotificationDispatcher.java:112)
	at com.solacesystems.jcsmp.protocol.nio.impl.ConsumerNotificationDispatcher.run(ConsumerNotificationDispatcher.java:130)
	at java.base/java.lang.Thread.run(Thread.java:842)
2026-05-14 15:30:11.118 [Context_1_ConsumerDispatcher] ERROR c.p.g.esb.client.internal.protocol.SmfPubSub.publishMessage:1911 - SmfPubSub - publishMessage
com.solacesystems.jcsmp.ClosedFacilityException: Tried to perform operation on a closed XML message producer
	at com.solacesystems.jcsmp.impl.JCSMPXMLMessageProducer.throwClosedException(JCSMPXMLMessageProducer.java:1465)
	at com.solacesystems.jcsmp.impl.JCSMPXMLMessageProducer.prep_single_send_message_for_publish(JCSMPXMLMessageProducer.java:948)
	at com.solacesystems.jcsmp.impl.JCSMPXMLMessageProducer.sendToDestination(JCSMPXMLMessageProducer.java:847)
	at com.solacesystems.jcsmp.impl.JCSMPXMLMessageProducer.sendToDestination(JCSMPXMLMessageProducer.java:794)
	at com.solacesystems.jcsmp.impl.JCSMPXMLMessageProducer.send(JCSMPXMLMessageProducer.java:614)
	at com.psa.gtosplus.esb.client.internal.protocol.SmfPubSub.publishMessage(SmfPubSub.java:1903)
	at com.psa.gtosplus.esb.client.internal.protocol.SmfPubSub.start(SmfPubSub.java:1398)
	at com.psa.gtosplus.esb.client.internal.protocol.SmfPubSub.restartSMF(SmfPubSub.java:2567)
	at com.psa.gtosplus.esb.client.internal.protocol.SmfPubSub$3.onException(SmfPubSub.java:1344)
	at com.solacesystems.jcsmp.protocol.nio.impl.ConsumerErrorNotification.handleNotification(ConsumerErrorNotification.java:39)
	at com.solacesystems.jcsmp.protocol.nio.impl.ConsumerNotificationDispatcher.eventLoop(ConsumerNotificationDispatcher.java:112)
	at com.solacesystems.jcsmp.protocol.nio.impl.ConsumerNotificationDispatcher.run(ConsumerNotificationDispatcher.java:130)
	at java.base/java.lang.Thread.run(Thread.java:842)
2026-05-14 15:30:11.118 [Context_1_ConsumerDispatcher] ERROR c.p.g.esb.client.internal.protocol.SmfPubSub.onException:1337 - SmfPubSub2 - onException
com.solacesystems.jcsmp.JCSMPErrorResponseException: 503: Unknown Queue
	at com.solacesystems.jcsmp.impl.flow.BindRequestTask.execute(BindRequestTask.java:204)
	at com.solacesystems.jcsmp.impl.flow.SubFlowManagerImpl.handleAssuredCtrlMessage(SubFlowManagerImpl.java:566)
	at com.solacesystems.jcsmp.protocol.impl.TcpClientChannel.handleAssuredCtrlMsg(TcpClientChannel.java:1659)
	at com.solacesystems.jcsmp.protocol.impl.TcpClientChannel.handleMessage(TcpClientChannel.java:1624)
	at com.solacesystems.jcsmp.protocol.nio.impl.SubscriberMessageReader.processRead(SubscriberMessageReader.java:98)
	at com.solacesystems.jcsmp.protocol.nio.impl.SubscriberMessageReader.read(SubscriberMessageReader.java:138)
	at com.solacesystems.jcsmp.protocol.smf.SimpleSmfClient.read(SimpleSmfClient.java:1166)
	at com.solacesystems.jcsmp.protocol.nio.impl.SyncEventDispatcherReactor.processReactorChannels(SyncEventDispatcherReactor.java:206)
	at com.solacesystems.jcsmp.protocol.nio.impl.SyncEventDispatcherReactor.eventLoop(SyncEventDispatcherReactor.java:157)
	at com.solacesystems.jcsmp.protocol.nio.impl.SyncEventDispatcherReactor$SEDReactorThread.run(SyncEventDispatcherReactor.java:338)
	at java.base/java.lang.Thread.run(Thread.java:842)
2026-05-14 15:30:11.118 [Context_1_ConsumerDispatcher] ERROR c.p.g.esb.client.internal.protocol.SmfPubSub.publishMessage:1911 - SmfPubSub - publishMessage
com.solacesystems.jcsmp.ClosedFacilityException: Tried to perform operation on a closed XML message producer
	at com.solacesystems.jcsmp.impl.JCSMPXMLMessageProducer.throwClosedException(JCSMPXMLMessageProducer.java:1465)
	at com.solacesystems.jcsmp.impl.JCSMPXMLMessageProducer.prep_single_send_message_for_publish(JCSMPXMLMessageProducer.java:948)
	at com.solacesystems.jcsmp.impl.JCSMPXMLMessageProducer.sendToDestination(JCSMPXMLMessageProducer.java:847)
	at com.solacesystems.jcsmp.impl.JCSMPXMLMessageProducer.sendToDestination(JCSMPXMLMessageProducer.java:794)
	at com.solacesystems.jcsmp.impl.JCSMPXMLMessageProducer.send(JCSMPXMLMessageProducer.java:614)
	at com.psa.gtosplus.esb.client.internal.protocol.SmfPubSub.publishMessage(SmfPubSub.java:1903)
	at com.psa.gtosplus.esb.client.internal.protocol.SmfPubSub.stop(SmfPubSub.java:1439)
	at com.psa.gtosplus.esb.client.internal.protocol.SmfPubSub.restartSMF(SmfPubSub.java:2565)
	at com.psa.gtosplus.esb.client.internal.protocol.SmfPubSub$3.onException(SmfPubSub.java:1344)
	at com.solacesystems.jcsmp.protocol.nio.impl.ConsumerErrorNotification.handleNotification(ConsumerErrorNotification.java:39)
	at com.solacesystems.jcsmp.protocol.nio.impl.ConsumerNotificationDispatcher.eventLoop(ConsumerNotificationDispatcher.java:112)
	at com.solacesystems.jcsmp.protocol.nio.impl.ConsumerNotificationDispatcher.run(ConsumerNotificationDispatcher.java:130)
	at java.base/java.lang.Thread.run(Thread.java:842)
2026-05-14 15:30:11.150 [Context_1_ConsumerDispatcher] ERROR c.p.g.esb.client.internal.protocol.SmfPubSub.publishMessage:1911 - SmfPubSub - publishMessage
com.solacesystems.jcsmp.ClosedFacilityException: Tried to perform operation on a closed XML message producer
	at com.solacesystems.jcsmp.impl.JCSMPXMLMessageProducer.throwClosedException(JCSMPXMLMessageProducer.java:1465)
	at com.solacesystems.jcsmp.impl.JCSMPXMLMessageProducer.prep_single_send_message_for_publish(JCSMPXMLMessageProducer.java:948)
	at com.solacesystems.jcsmp.impl.JCSMPXMLMessageProducer.sendToDestination(JCSMPXMLMessageProducer.java:847)
	at com.solacesystems.jcsmp.impl.JCSMPXMLMessageProducer.sendToDestination(JCSMPXMLMessageProducer.java:794)
	at com.solacesystems.jcsmp.impl.JCSMPXMLMessageProducer.send(JCSMPXMLMessageProducer.java:614)
	at com.psa.gtosplus.esb.client.internal.protocol.SmfPubSub.publishMessage(SmfPubSub.java:1903)
	at com.psa.gtosplus.esb.client.internal.protocol.SmfPubSub.start(SmfPubSub.java:1398)
	at com.psa.gtosplus.esb.client.internal.protocol.SmfPubSub.restartSMF(SmfPubSub.java:2567)
	at com.psa.gtosplus.esb.client.internal.protocol.SmfPubSub$3.onException(SmfPubSub.java:1344)
	at com.solacesystems.jcsmp.protocol.nio.impl.ConsumerErrorNotification.handleNotification(ConsumerErrorNotification.java:39)
	at com.solacesystems.jcsmp.protocol.nio.impl.ConsumerNotificationDispatcher.eventLoop(ConsumerNotificationDispatcher.java:112)
	at com.solacesystems.jcsmp.protocol.nio.impl.ConsumerNotificationDispatcher.run(ConsumerNotificationDispatcher.java:130)
	at java.base/java.lang.Thread.run(Thread.java:842)
2026-05-14 15:30:11.150 [Context_1_ConsumerDispatcher] ERROR c.p.g.esb.client.internal.protocol.SmfPubSub.onException:1337 - SmfPubSub2 - onException
com.solacesystems.jcsmp.JCSMPErrorResponseException: 503: Unknown Queue
	at com.solacesystems.jcsmp.impl.flow.BindRequestTask.execute(BindRequestTask.java:204)
	at com.solacesystems.jcsmp.impl.flow.SubFlowManagerImpl.handleAssuredCtrlMessage(SubFlowManagerImpl.java:566)
	at com.solacesystems.jcsmp.protocol.impl.TcpClientChannel.handleAssuredCtrlMsg(TcpClientChannel.java:1659)
	at com.solacesystems.jcsmp.protocol.impl.TcpClientChannel.handleMessage(TcpClientChannel.java:1624)
	at com.solacesystems.jcsmp.protocol.nio.impl.SubscriberMessageReader.processRead(SubscriberMessageReader.java:98)
	at com.solacesystems.jcsmp.protocol.nio.impl.SubscriberMessageReader.read(SubscriberMessageReader.java:138)
	at com.solacesystems.jcsmp.protocol.smf.SimpleSmfClient.read(SimpleSmfClient.java:1166)
	at com.solacesystems.jcsmp.protocol.nio.impl.SyncEventDispatcherReactor.processReactorChannels(SyncEventDispatcherReactor.java:206)
	at com.solacesystems.jcsmp.protocol.nio.impl.SyncEventDispatcherReactor.eventLoop(SyncEventDispatcherReactor.java:157)
	at com.solacesystems.jcsmp.protocol.nio.impl.SyncEventDispatcherReactor$SEDReactorThread.run(SyncEventDispatcherReactor.java:338)
	at java.base/java.lang.Thread.run(Thread.java:842)
2026-05-14 15:30:11.150 [Context_1_ConsumerDispatcher] ERROR c.p.g.esb.client.internal.protocol.SmfPubSub.publishMessage:1911 - SmfPubSub - publishMessage
com.solacesystems.jcsmp.ClosedFacilityException: Tried to perform operation on a closed XML message producer
	at com.solacesystems.jcsmp.impl.JCSMPXMLMessageProducer.throwClosedException(JCSMPXMLMessageProducer.java:1465)
	at com.solacesystems.jcsmp.impl.JCSMPXMLMessageProducer.prep_single_send_message_for_publish(JCSMPXMLMessageProducer.java:948)
	at com.solacesystems.jcsmp.impl.JCSMPXMLMessageProducer.sendToDestination(JCSMPXMLMessageProducer.java:847)
	at com.solacesystems.jcsmp.impl.JCSMPXMLMessageProducer.sendToDestination(JCSMPXMLMessageProducer.java:794)
	at com.solacesystems.jcsmp.impl.JCSMPXMLMessageProducer.send(JCSMPXMLMessageProducer.java:614)
	at com.psa.gtosplus.esb.client.internal.protocol.SmfPubSub.publishMessage(SmfPubSub.java:1903)
	at com.psa.gtosplus.esb.client.internal.protocol.SmfPubSub.stop(SmfPubSub.java:1439)
	at com.psa.gtosplus.esb.client.internal.protocol.SmfPubSub.restartSMF(SmfPubSub.java:2565)
	at com.psa.gtosplus.esb.client.internal.protocol.SmfPubSub$3.onException(SmfPubSub.java:1344)
	at com.solacesystems.jcsmp.protocol.nio.impl.ConsumerErrorNotification.handleNotification(ConsumerErrorNotification.java:39)
	at com.solacesystems.jcsmp.protocol.nio.impl.ConsumerNotificationDispatcher.eventLoop(ConsumerNotificationDispatcher.java:112)
	at com.solacesystems.jcsmp.protocol.nio.impl.ConsumerNotificationDispatcher.run(ConsumerNotificationDispatcher.java:130)
	at java.base/java.lang.Thread.run(Thread.java:842)
2026-05-14 15:30:11.181 [Context_1_ConsumerDispatcher] ERROR c.p.g.esb.client.internal.protocol.SmfPubSub.publishMessage:1911 - SmfPubSub - publishMessage
com.solacesystems.jcsmp.ClosedFacilityException: Tried to perform operation on a closed XML message producer
	at com.solacesystems.jcsmp.impl.JCSMPXMLMessageProducer.throwClosedException(JCSMPXMLMessageProducer.java:1465)
	at com.solacesystems.jcsmp.impl.JCSMPXMLMessageProducer.prep_single_send_message_for_publish(JCSMPXMLMessageProducer.java:948)
	at com.solacesystems.jcsmp.impl.JCSMPXMLMessageProducer.sendToDestination(JCSMPXMLMessageProducer.java:847)
	at com.solacesystems.jcsmp.impl.JCSMPXMLMessageProducer.sendToDestination(JCSMPXMLMessageProducer.java:794)
	at com.solacesystems.jcsmp.impl.JCSMPXMLMessageProducer.send(JCSMPXMLMessageProducer.java:614)
	at com.psa.gtosplus.esb.client.internal.protocol.SmfPubSub.publishMessage(SmfPubSub.java:1903)
	at com.psa.gtosplus.esb.client.internal.protocol.SmfPubSub.start(SmfPubSub.java:1398)
	at com.psa.gtosplus.esb.client.internal.protocol.SmfPubSub.restartSMF(SmfPubSub.java:2567)
	at com.psa.gtosplus.esb.client.internal.protocol.SmfPubSub$3.onException(SmfPubSub.java:1344)
	at com.solacesystems.jcsmp.protocol.nio.impl.ConsumerErrorNotification.handleNotification(ConsumerErrorNotification.java:39)
	at com.solacesystems.jcsmp.protocol.nio.impl.ConsumerNotificationDispatcher.eventLoop(ConsumerNotificationDispatcher.java:112)
	at com.solacesystems.jcsmp.protocol.nio.impl.ConsumerNotificationDispatcher.run(ConsumerNotificationDispatcher.java:130)
	at java.base/java.lang.Thread.run(Thread.java:842)
2026-05-14 15:30:11.181 [Context_1_ConsumerDispatcher] ERROR c.p.g.esb.client.internal.protocol.SmfPubSub.onException:1337 - SmfPubSub2 - onException
com.solacesystems.jcsmp.JCSMPErrorResponseException: 503: Unknown Queue
	at com.solacesystems.jcsmp.impl.flow.BindRequestTask.execute(BindRequestTask.java:204)
	at com.solacesystems.jcsmp.impl.flow.SubFlowManagerImpl.handleAssuredCtrlMessage(SubFlowManagerImpl.java:566)
	at com.solacesystems.jcsmp.protocol.impl.TcpClientChannel.handleAssuredCtrlMsg(TcpClientChannel.java:1659)
	at com.solacesystems.jcsmp.protocol.impl.TcpClientChannel.handleMessage(TcpClientChannel.java:1624)
	at com.solacesystems.jcsmp.protocol.nio.impl.SubscriberMessageReader.processRead(SubscriberMessageReader.java:98)
	at com.solacesystems.jcsmp.protocol.nio.impl.SubscriberMessageReader.read(SubscriberMessageReader.java:138)
	at com.solacesystems.jcsmp.protocol.smf.SimpleSmfClient.read(SimpleSmfClient.java:1166)
	at com.solacesystems.jcsmp.protocol.nio.impl.SyncEventDispatcherReactor.processReactorChannels(SyncEventDispatcherReactor.java:206)
	at com.solacesystems.jcsmp.protocol.nio.impl.SyncEventDispatcherReactor.eventLoop(SyncEventDispatcherReactor.java:157)
	at com.solacesystems.jcsmp.protocol.nio.impl.SyncEventDispatcherReactor$SEDReactorThread.run(SyncEventDispatcherReactor.java:338)
	at java.base/java.lang.Thread.run(Thread.java:842)
2026-05-14 15:30:11.181 [Context_1_ConsumerDispatcher] ERROR c.p.g.esb.client.internal.protocol.SmfPubSub.publishMessage:1911 - SmfPubSub - publishMessage
com.solacesystems.jcsmp.ClosedFacilityException: Tried to perform operation on a closed XML message producer
	at com.solacesystems.jcsmp.impl.JCSMPXMLMessageProducer.throwClosedException(JCSMPXMLMessageProducer.java:1465)
	at com.solacesystems.jcsmp.impl.JCSMPXMLMessageProducer.prep_single_send_message_for_publish(JCSMPXMLMessageProducer.java:948)
	at com.solacesystems.jcsmp.impl.JCSMPXMLMessageProducer.sendToDestination(JCSMPXMLMessageProducer.java:847)
	at com.solacesystems.jcsmp.impl.JCSMPXMLMessageProducer.sendToDestination(JCSMPXMLMessageProducer.java:794)
	at com.solacesystems.jcsmp.impl.JCSMPXMLMessageProducer.send(JCSMPXMLMessageProducer.java:614)
	at com.psa.gtosplus.esb.client.internal.protocol.SmfPubSub.publishMessage(SmfPubSub.java:1903)
	at com.psa.gtosplus.esb.client.internal.protocol.SmfPubSub.stop(SmfPubSub.java:1439)
	at com.psa.gtosplus.esb.client.internal.protocol.SmfPubSub.restartSMF(SmfPubSub.java:2565)
	at com.psa.gtosplus.esb.client.internal.protocol.SmfPubSub$3.onException(SmfPubSub.java:1344)
	at com.solacesystems.jcsmp.protocol.nio.impl.ConsumerErrorNotification.handleNotification(ConsumerErrorNotification.java:39)
	at com.solacesystems.jcsmp.protocol.nio.impl.ConsumerNotificationDispatcher.eventLoop(ConsumerNotificationDispatcher.java:112)
	at com.solacesystems.jcsmp.protocol.nio.impl.ConsumerNotificationDispatcher.run(ConsumerNotificationDispatcher.java:130)
	at java.base/java.lang.Thread.run(Thread.java:842)
2026-05-14 15:30:11.212 [Context_1_ConsumerDispatcher] ERROR c.p.g.esb.client.internal.protocol.SmfPubSub.publishMessage:1911 - SmfPubSub - publishMessage
com.solacesystems.jcsmp.ClosedFacilityException: Tried to perform operation on a closed XML message producer
	at com.solacesystems.jcsmp.impl.JCSMPXMLMessageProducer.throwClosedException(JCSMPXMLMessageProducer.java:1465)
	at com.solacesystems.jcsmp.impl.JCSMPXMLMessageProducer.prep_single_send_message_for_publish(JCSMPXMLMessageProducer.java:948)
	at com.solacesystems.jcsmp.impl.JCSMPXMLMessageProducer.sendToDestination(JCSMPXMLMessageProducer.java:847)
	at com.solacesystems.jcsmp.impl.JCSMPXMLMessageProducer.sendToDestination(JCSMPXMLMessageProducer.java:794)
	at com.solacesystems.jcsmp.impl.JCSMPXMLMessageProducer.send(JCSMPXMLMessageProducer.java:614)
	at com.psa.gtosplus.esb.client.internal.protocol.SmfPubSub.publishMessage(SmfPubSub.java:1903)
	at com.psa.gtosplus.esb.client.internal.protocol.SmfPubSub.start(SmfPubSub.java:1398)
	at com.psa.gtosplus.esb.client.internal.protocol.SmfPubSub.restartSMF(SmfPubSub.java:2567)
	at com.psa.gtosplus.esb.client.internal.protocol.SmfPubSub$3.onException(SmfPubSub.java:1344)
	at com.solacesystems.jcsmp.protocol.nio.impl.ConsumerErrorNotification.handleNotification(ConsumerErrorNotification.java:39)
	at com.solacesystems.jcsmp.protocol.nio.impl.ConsumerNotificationDispatcher.eventLoop(ConsumerNotificationDispatcher.java:112)
	at com.solacesystems.jcsmp.protocol.nio.impl.ConsumerNotificationDispatcher.run(ConsumerNotificationDispatcher.java:130)
	at java.base/java.lang.Thread.run(Thread.java:842)
2026-05-14 15:30:11.212 [Context_1_ConsumerDispatcher] ERROR c.p.g.esb.client.internal.protocol.SmfPubSub.onException:1337 - SmfPubSub2 - onException
com.solacesystems.jcsmp.JCSMPErrorResponseException: 503: Unknown Queue
	at com.solacesystems.jcsmp.impl.flow.BindRequestTask.execute(BindRequestTask.java:204)
	at com.solacesystems.jcsmp.impl.flow.SubFlowManagerImpl.handleAssuredCtrlMessage(SubFlowManagerImpl.java:566)
	at com.solacesystems.jcsmp.protocol.impl.TcpClientChannel.handleAssuredCtrlMsg(TcpClientChannel.java:1659)
	at com.solacesystems.jcsmp.protocol.impl.TcpClientChannel.handleMessage(TcpClientChannel.java:1624)
	at com.solacesystems.jcsmp.protocol.nio.impl.SubscriberMessageReader.processRead(SubscriberMessageReader.java:98)
	at com.solacesystems.jcsmp.protocol.nio.impl.SubscriberMessageReader.read(SubscriberMessageReader.java:138)
	at com.solacesystems.jcsmp.protocol.smf.SimpleSmfClient.read(SimpleSmfClient.java:1166)
	at com.solacesystems.jcsmp.protocol.nio.impl.SyncEventDispatcherReactor.processReactorChannels(SyncEventDispatcherReactor.java:206)
	at com.solacesystems.jcsmp.protocol.nio.impl.SyncEventDispatcherReactor.eventLoop(SyncEventDispatcherReactor.java:157)
	at com.solacesystems.jcsmp.protocol.nio.impl.SyncEventDispatcherReactor$SEDReactorThread.run(SyncEventDispatcherReactor.java:338)
	at java.base/java.lang.Thread.run(Thread.java:842)
2026-05-14 15:30:11.212 [Context_1_ConsumerDispatcher] ERROR c.p.g.esb.client.internal.protocol.SmfPubSub.publishMessage:1911 - SmfPubSub - publishMessage
com.solacesystems.jcsmp.ClosedFacilityException: Tried to perform operation on a closed XML message producer
	at com.solacesystems.jcsmp.impl.JCSMPXMLMessageProducer.throwClosedException(JCSMPXMLMessageProducer.java:1465)
	at com.solacesystems.jcsmp.impl.JCSMPXMLMessageProducer.prep_single_send_message_for_publish(JCSMPXMLMessageProducer.java:948)
	at com.solacesystems.jcsmp.impl.JCSMPXMLMessageProducer.sendToDestination(JCSMPXMLMessageProducer.java:847)
	at com.solacesystems.jcsmp.impl.JCSMPXMLMessageProducer.sendToDestination(JCSMPXMLMessageProducer.java:794)
	at com.solacesystems.jcsmp.impl.JCSMPXMLMessageProducer.send(JCSMPXMLMessageProducer.java:614)
	at com.psa.gtosplus.esb.client.internal.protocol.SmfPubSub.publishMessage(SmfPubSub.java:1903)
	at com.psa.gtosplus.esb.client.internal.protocol.SmfPubSub.stop(SmfPubSub.java:1439)
	at com.psa.gtosplus.esb.client.internal.protocol.SmfPubSub.restartSMF(SmfPubSub.java:2565)
	at com.psa.gtosplus.esb.client.internal.protocol.SmfPubSub$3.onException(SmfPubSub.java:1344)
	at com.solacesystems.jcsmp.protocol.nio.impl.ConsumerErrorNotification.handleNotification(ConsumerErrorNotification.java:39)
	at com.solacesystems.jcsmp.protocol.nio.impl.ConsumerNotificationDispatcher.eventLoop(ConsumerNotificationDispatcher.java:112)
	at com.solacesystems.jcsmp.protocol.nio.impl.ConsumerNotificationDispatcher.run(ConsumerNotificationDispatcher.java:130)
	at java.base/java.lang.Thread.run(Thread.java:842)
2026-05-14 15:30:11.250 [Context_1_ConsumerDispatcher] ERROR c.p.g.esb.client.internal.protocol.SmfPubSub.publishMessage:1911 - SmfPubSub - publishMessage
com.solacesystems.jcsmp.ClosedFacilityException: Tried to perform operation on a closed XML message producer
	at com.solacesystems.jcsmp.impl.JCSMPXMLMessageProducer.throwClosedException(JCSMPXMLMessageProducer.java:1465)
	at com.solacesystems.jcsmp.impl.JCSMPXMLMessageProducer.prep_single_send_message_for_publish(JCSMPXMLMessageProducer.java:948)
	at com.solacesystems.jcsmp.impl.JCSMPXMLMessageProducer.sendToDestination(JCSMPXMLMessageProducer.java:847)
	at com.solacesystems.jcsmp.impl.JCSMPXMLMessageProducer.sendToDestination(JCSMPXMLMessageProducer.java:794)
	at com.solacesystems.jcsmp.impl.JCSMPXMLMessageProducer.send(JCSMPXMLMessageProducer.java:614)
	at com.psa.gtosplus.esb.client.internal.protocol.SmfPubSub.publishMessage(SmfPubSub.java:1903)
	at com.psa.gtosplus.esb.client.internal.protocol.SmfPubSub.start(SmfPubSub.java:1398)
	at com.psa.gtosplus.esb.client.internal.protocol.SmfPubSub.restartSMF(SmfPubSub.java:2567)
	at com.psa.gtosplus.esb.client.internal.protocol.SmfPubSub$3.onException(SmfPubSub.java:1344)
	at com.solacesystems.jcsmp.protocol.nio.impl.ConsumerErrorNotification.handleNotification(ConsumerErrorNotification.java:39)
	at com.solacesystems.jcsmp.protocol.nio.impl.ConsumerNotificationDispatcher.eventLoop(ConsumerNotificationDispatcher.java:112)
	at com.solacesystems.jcsmp.protocol.nio.impl.ConsumerNotificationDispatcher.run(ConsumerNotificationDispatcher.java:130)
	at java.base/java.lang.Thread.run(Thread.java:842)
2026-05-14 15:30:11.250 [Context_1_ConsumerDispatcher] ERROR c.p.g.esb.client.internal.protocol.SmfPubSub.onException:1337 - SmfPubSub2 - onException
com.solacesystems.jcsmp.JCSMPErrorResponseException: 503: Unknown Queue
	at com.solacesystems.jcsmp.impl.flow.BindRequestTask.execute(BindRequestTask.java:204)
	at com.solacesystems.jcsmp.impl.flow.SubFlowManagerImpl.handleAssuredCtrlMessage(SubFlowManagerImpl.java:566)
	at com.solacesystems.jcsmp.protocol.impl.TcpClientChannel.handleAssuredCtrlMsg(TcpClientChannel.java:1659)
	at com.solacesystems.jcsmp.protocol.impl.TcpClientChannel.handleMessage(TcpClientChannel.java:1624)
	at com.solacesystems.jcsmp.protocol.nio.impl.SubscriberMessageReader.processRead(SubscriberMessageReader.java:98)
	at com.solacesystems.jcsmp.protocol.nio.impl.SubscriberMessageReader.read(SubscriberMessageReader.java:138)
	at com.solacesystems.jcsmp.protocol.smf.SimpleSmfClient.read(SimpleSmfClient.java:1166)
	at com.solacesystems.jcsmp.protocol.nio.impl.SyncEventDispatcherReactor.processReactorChannels(SyncEventDispatcherReactor.java:206)
	at com.solacesystems.jcsmp.protocol.nio.impl.SyncEventDispatcherReactor.eventLoop(SyncEventDispatcherReactor.java:157)
	at com.solacesystems.jcsmp.protocol.nio.impl.SyncEventDispatcherReactor$SEDReactorThread.run(SyncEventDispatcherReactor.java:338)
	at java.base/java.lang.Thread.run(Thread.java:842)
2026-05-14 15:30:11.250 [Context_1_ConsumerDispatcher] ERROR c.p.g.esb.client.internal.protocol.SmfPubSub.publishMessage:1911 - SmfPubSub - publishMessage
com.solacesystems.jcsmp.ClosedFacilityException: Tried to perform operation on a closed XML message producer
	at com.solacesystems.jcsmp.impl.JCSMPXMLMessageProducer.throwClosedException(JCSMPXMLMessageProducer.java:1465)
	at com.solacesystems.jcsmp.impl.JCSMPXMLMessageProducer.prep_single_send_message_for_publish(JCSMPXMLMessageProducer.java:948)
	at com.solacesystems.jcsmp.impl.JCSMPXMLMessageProducer.sendToDestination(JCSMPXMLMessageProducer.java:847)
	at com.solacesystems.jcsmp.impl.JCSMPXMLMessageProducer.sendToDestination(JCSMPXMLMessageProducer.java:794)
	at com.solacesystems.jcsmp.impl.JCSMPXMLMessageProducer.send(JCSMPXMLMessageProducer.java:614)
	at com.psa.gtosplus.esb.client.internal.protocol.SmfPubSub.publishMessage(SmfPubSub.java:1903)
	at com.psa.gtosplus.esb.client.internal.protocol.SmfPubSub.stop(SmfPubSub.java:1439)
	at com.psa.gtosplus.esb.client.internal.protocol.SmfPubSub.restartSMF(SmfPubSub.java:2565)
	at com.psa.gtosplus.esb.client.internal.protocol.SmfPubSub$3.onException(SmfPubSub.java:1344)
	at com.solacesystems.jcsmp.protocol.nio.impl.ConsumerErrorNotification.handleNotification(ConsumerErrorNotification.java:39)
	at com.solacesystems.jcsmp.protocol.nio.impl.ConsumerNotificationDispatcher.eventLoop(ConsumerNotificationDispatcher.java:112)
	at com.solacesystems.jcsmp.protocol.nio.impl.ConsumerNotificationDispatcher.run(ConsumerNotificationDispatcher.java:130)
	at java.base/java.lang.Thread.run(Thread.java:842)
2026-05-14 15:30:11.281 [Context_1_ConsumerDispatcher] ERROR c.p.g.esb.client.internal.protocol.SmfPubSub.publishMessage:1911 - SmfPubSub - publishMessage
com.solacesystems.jcsmp.ClosedFacilityException: Tried to perform operation on a closed XML message producer
	at com.solacesystems.jcsmp.impl.JCSMPXMLMessageProducer.throwClosedException(JCSMPXMLMessageProducer.java:1465)
	at com.solacesystems.jcsmp.impl.JCSMPXMLMessageProducer.prep_single_send_message_for_publish(JCSMPXMLMessageProducer.java:948)
	at com.solacesystems.jcsmp.impl.JCSMPXMLMessageProducer.sendToDestination(JCSMPXMLMessageProducer.java:847)
	at com.solacesystems.jcsmp.impl.JCSMPXMLMessageProducer.sendToDestination(JCSMPXMLMessageProducer.java:794)
	at com.solacesystems.jcsmp.impl.JCSMPXMLMessageProducer.send(JCSMPXMLMessageProducer.java:614)
	at com.psa.gtosplus.esb.client.internal.protocol.SmfPubSub.publishMessage(SmfPubSub.java:1903)
	at com.psa.gtosplus.esb.client.internal.protocol.SmfPubSub.start(SmfPubSub.java:1398)
	at com.psa.gtosplus.esb.client.internal.protocol.SmfPubSub.restartSMF(SmfPubSub.java:2567)
	at com.psa.gtosplus.esb.client.internal.protocol.SmfPubSub$3.onException(SmfPubSub.java:1344)
	at com.solacesystems.jcsmp.protocol.nio.impl.ConsumerErrorNotification.handleNotification(ConsumerErrorNotification.java:39)
	at com.solacesystems.jcsmp.protocol.nio.impl.ConsumerNotificationDispatcher.eventLoop(ConsumerNotificationDispatcher.java:112)
	at com.solacesystems.jcsmp.protocol.nio.impl.ConsumerNotificationDispatcher.run(ConsumerNotificationDispatcher.java:130)
	at java.base/java.lang.Thread.run(Thread.java:842)
2026-05-14 15:30:11.281 [Context_1_ConsumerDispatcher] ERROR c.p.g.esb.client.internal.protocol.SmfPubSub.onException:1337 - SmfPubSub2 - onException
com.solacesystems.jcsmp.JCSMPErrorResponseException: 503: Unknown Queue
	at com.solacesystems.jcsmp.impl.flow.BindRequestTask.execute(BindRequestTask.java:204)
	at com.solacesystems.jcsmp.impl.flow.SubFlowManagerImpl.handleAssuredCtrlMessage(SubFlowManagerImpl.java:566)
	at com.solacesystems.jcsmp.protocol.impl.TcpClientChannel.handleAssuredCtrlMsg(TcpClientChannel.java:1659)
	at com.solacesystems.jcsmp.protocol.impl.TcpClientChannel.handleMessage(TcpClientChannel.java:1624)
	at com.solacesystems.jcsmp.protocol.nio.impl.SubscriberMessageReader.processRead(SubscriberMessageReader.java:98)
	at com.solacesystems.jcsmp.protocol.nio.impl.SubscriberMessageReader.read(SubscriberMessageReader.java:138)
	at com.solacesystems.jcsmp.protocol.smf.SimpleSmfClient.read(SimpleSmfClient.java:1166)
	at com.solacesystems.jcsmp.protocol.nio.impl.SyncEventDispatcherReactor.processReactorChannels(SyncEventDispatcherReactor.java:206)
	at com.solacesystems.jcsmp.protocol.nio.impl.SyncEventDispatcherReactor.eventLoop(SyncEventDispatcherReactor.java:157)
	at com.solacesystems.jcsmp.protocol.nio.impl.SyncEventDispatcherReactor$SEDReactorThread.run(SyncEventDispatcherReactor.java:338)
	at java.base/java.lang.Thread.run(Thread.java:842)
2026-05-14 15:30:11.281 [Context_1_ConsumerDispatcher] ERROR c.p.g.esb.client.internal.protocol.SmfPubSub.publishMessage:1911 - SmfPubSub - publishMessage
com.solacesystems.jcsmp.ClosedFacilityException: Tried to perform operation on a closed XML message producer
	at com.solacesystems.jcsmp.impl.JCSMPXMLMessageProducer.throwClosedException(JCSMPXMLMessageProducer.java:1465)
	at com.solacesystems.jcsmp.impl.JCSMPXMLMessageProducer.prep_single_send_message_for_publish(JCSMPXMLMessageProducer.java:948)
	at com.solacesystems.jcsmp.impl.JCSMPXMLMessageProducer.sendToDestination(JCSMPXMLMessageProducer.java:847)
	at com.solacesystems.jcsmp.impl.JCSMPXMLMessageProducer.sendToDestination(JCSMPXMLMessageProducer.java:794)
	at com.solacesystems.jcsmp.impl.JCSMPXMLMessageProducer.send(JCSMPXMLMessageProducer.java:614)
	at com.psa.gtosplus.esb.client.internal.protocol.SmfPubSub.publishMessage(SmfPubSub.java:1903)
	at com.psa.gtosplus.esb.client.internal.protocol.SmfPubSub.stop(SmfPubSub.java:1439)
	at com.psa.gtosplus.esb.client.internal.protocol.SmfPubSub.restartSMF(SmfPubSub.java:2565)
	at com.psa.gtosplus.esb.client.internal.protocol.SmfPubSub$3.onException(SmfPubSub.java:1344)
	at com.solacesystems.jcsmp.protocol.nio.impl.ConsumerErrorNotification.handleNotification(ConsumerErrorNotification.java:39)
	at com.solacesystems.jcsmp.protocol.nio.impl.ConsumerNotificationDispatcher.eventLoop(ConsumerNotificationDispatcher.java:112)
	at com.solacesystems.jcsmp.protocol.nio.impl.ConsumerNotificationDispatcher.run(ConsumerNotificationDispatcher.java:130)
	at java.base/java.lang.Thread.run(Thread.java:842)
2026-05-14 15:30:11.328 [Context_1_ConsumerDispatcher] ERROR c.p.g.esb.client.internal.protocol.SmfPubSub.publishMessage:1911 - SmfPubSub - publishMessage
com.solacesystems.jcsmp.ClosedFacilityException: Tried to perform operation on a closed XML message producer
	at com.solacesystems.jcsmp.impl.JCSMPXMLMessageProducer.throwClosedException(JCSMPXMLMessageProducer.java:1465)
	at com.solacesystems.jcsmp.impl.JCSMPXMLMessageProducer.prep_single_send_message_for_publish(JCSMPXMLMessageProducer.java:948)
	at com.solacesystems.jcsmp.impl.JCSMPXMLMessageProducer.sendToDestination(JCSMPXMLMessageProducer.java:847)
	at com.solacesystems.jcsmp.impl.JCSMPXMLMessageProducer.sendToDestination(JCSMPXMLMessageProducer.java:794)
	at com.solacesystems.jcsmp.impl.JCSMPXMLMessageProducer.send(JCSMPXMLMessageProducer.java:614)
	at com.psa.gtosplus.esb.client.internal.protocol.SmfPubSub.publishMessage(SmfPubSub.java:1903)
	at com.psa.gtosplus.esb.client.internal.protocol.SmfPubSub.start(SmfPubSub.java:1398)
	at com.psa.gtosplus.esb.client.internal.protocol.SmfPubSub.restartSMF(SmfPubSub.java:2567)
	at com.psa.gtosplus.esb.client.internal.protocol.SmfPubSub$3.onException(SmfPubSub.java:1344)
	at com.solacesystems.jcsmp.protocol.nio.impl.ConsumerErrorNotification.handleNotification(ConsumerErrorNotification.java:39)
	at com.solacesystems.jcsmp.protocol.nio.impl.ConsumerNotificationDispatcher.eventLoop(ConsumerNotificationDispatcher.java:112)
	at com.solacesystems.jcsmp.protocol.nio.impl.ConsumerNotificationDispatcher.run(ConsumerNotificationDispatcher.java:130)
	at java.base/java.lang.Thread.run(Thread.java:842)
2026-05-14 15:30:11.328 [Context_1_ConsumerDispatcher] ERROR c.p.g.esb.client.internal.protocol.SmfPubSub.onException:1337 - SmfPubSub2 - onException
com.solacesystems.jcsmp.JCSMPErrorResponseException: 503: Unknown Queue
	at com.solacesystems.jcsmp.impl.flow.BindRequestTask.execute(BindRequestTask.java:204)
	at com.solacesystems.jcsmp.impl.flow.SubFlowManagerImpl.handleAssuredCtrlMessage(SubFlowManagerImpl.java:566)
	at com.solacesystems.jcsmp.protocol.impl.TcpClientChannel.handleAssuredCtrlMsg(TcpClientChannel.java:1659)
	at com.solacesystems.jcsmp.protocol.impl.TcpClientChannel.handleMessage(TcpClientChannel.java:1624)
	at com.solacesystems.jcsmp.protocol.nio.impl.SubscriberMessageReader.processRead(SubscriberMessageReader.java:98)
	at com.solacesystems.jcsmp.protocol.nio.impl.SubscriberMessageReader.read(SubscriberMessageReader.java:138)
	at com.solacesystems.jcsmp.protocol.smf.SimpleSmfClient.read(SimpleSmfClient.java:1166)
	at com.solacesystems.jcsmp.protocol.nio.impl.SyncEventDispatcherReactor.processReactorChannels(SyncEventDispatcherReactor.java:206)
	at com.solacesystems.jcsmp.protocol.nio.impl.SyncEventDispatcherReactor.eventLoop(SyncEventDispatcherReactor.java:157)
	at com.solacesystems.jcsmp.protocol.nio.impl.SyncEventDispatcherReactor$SEDReactorThread.run(SyncEventDispatcherReactor.java:338)
	at java.base/java.lang.Thread.run(Thread.java:842)
2026-05-14 15:30:11.328 [Context_1_ConsumerDispatcher] ERROR c.p.g.esb.client.internal.protocol.SmfPubSub.publishMessage:1911 - SmfPubSub - publishMessage
com.solacesystems.jcsmp.ClosedFacilityException: Tried to perform operation on a closed XML message producer
	at com.solacesystems.jcsmp.impl.JCSMPXMLMessageProducer.throwClosedException(JCSMPXMLMessageProducer.java:1465)
	at com.solacesystems.jcsmp.impl.JCSMPXMLMessageProducer.prep_single_send_message_for_publish(JCSMPXMLMessageProducer.java:948)
	at com.solacesystems.jcsmp.impl.JCSMPXMLMessageProducer.sendToDestination(JCSMPXMLMessageProducer.java:847)
	at com.solacesystems.jcsmp.impl.JCSMPXMLMessageProducer.sendToDestination(JCSMPXMLMessageProducer.java:794)
	at com.solacesystems.jcsmp.impl.JCSMPXMLMessageProducer.send(JCSMPXMLMessageProducer.java:614)
	at com.psa.gtosplus.esb.client.internal.protocol.SmfPubSub.publishMessage(SmfPubSub.java:1903)
	at com.psa.gtosplus.esb.client.internal.protocol.SmfPubSub.stop(SmfPubSub.java:1439)
	at com.psa.gtosplus.esb.client.internal.protocol.SmfPubSub.restartSMF(SmfPubSub.java:2565)
	at com.psa.gtosplus.esb.client.internal.protocol.SmfPubSub$3.onException(SmfPubSub.java:1344)
	at com.solacesystems.jcsmp.protocol.nio.impl.ConsumerErrorNotification.handleNotification(ConsumerErrorNotification.java:39)
	at com.solacesystems.jcsmp.protocol.nio.impl.ConsumerNotificationDispatcher.eventLoop(ConsumerNotificationDispatcher.java:112)
	at com.solacesystems.jcsmp.protocol.nio.impl.ConsumerNotificationDispatcher.run(ConsumerNotificationDispatcher.java:130)
	at java.base/java.lang.Thread.run(Thread.java:842)
2026-05-14 15:30:11.362 [Context_1_ConsumerDispatcher] ERROR c.p.g.esb.client.internal.protocol.SmfPubSub.publishMessage:1911 - SmfPubSub - publishMessage
com.solacesystems.jcsmp.ClosedFacilityException: Tried to perform operation on a closed XML message producer
	at com.solacesystems.jcsmp.impl.JCSMPXMLMessageProducer.throwClosedException(JCSMPXMLMessageProducer.java:1465)
	at com.solacesystems.jcsmp.impl.JCSMPXMLMessageProducer.prep_single_send_message_for_publish(JCSMPXMLMessageProducer.java:948)
	at com.solacesystems.jcsmp.impl.JCSMPXMLMessageProducer.sendToDestination(JCSMPXMLMessageProducer.java:847)
	at com.solacesystems.jcsmp.impl.JCSMPXMLMessageProducer.sendToDestination(JCSMPXMLMessageProducer.java:794)
	at com.solacesystems.jcsmp.impl.JCSMPXMLMessageProducer.send(JCSMPXMLMessageProducer.java:614)
	at com.psa.gtosplus.esb.client.internal.protocol.SmfPubSub.publishMessage(SmfPubSub.java:1903)
	at com.psa.gtosplus.esb.client.internal.protocol.SmfPubSub.start(SmfPubSub.java:1398)
	at com.psa.gtosplus.esb.client.internal.protocol.SmfPubSub.restartSMF(SmfPubSub.java:2567)
	at com.psa.gtosplus.esb.client.internal.protocol.SmfPubSub$3.onException(SmfPubSub.java:1344)
	at com.solacesystems.jcsmp.protocol.nio.impl.ConsumerErrorNotification.handleNotification(ConsumerErrorNotification.java:39)
	at com.solacesystems.jcsmp.protocol.nio.impl.ConsumerNotificationDispatcher.eventLoop(ConsumerNotificationDispatcher.java:112)
	at com.solacesystems.jcsmp.protocol.nio.impl.ConsumerNotificationDispatcher.run(ConsumerNotificationDispatcher.java:130)
	at java.base/java.lang.Thread.run(Thread.java:842)
2026-05-14 15:30:11.362 [Context_1_ConsumerDispatcher] ERROR c.p.g.esb.client.internal.protocol.SmfPubSub.onException:1337 - SmfPubSub2 - onException
com.solacesystems.jcsmp.JCSMPErrorResponseException: 503: Unknown Queue
	at com.solacesystems.jcsmp.impl.flow.BindRequestTask.execute(BindRequestTask.java:204)
	at com.solacesystems.jcsmp.impl.flow.SubFlowManagerImpl.handleAssuredCtrlMessage(SubFlowManagerImpl.java:566)
	at com.solacesystems.jcsmp.protocol.impl.TcpClientChannel.handleAssuredCtrlMsg(TcpClientChannel.java:1659)
	at com.solacesystems.jcsmp.protocol.impl.TcpClientChannel.handleMessage(TcpClientChannel.java:1624)
	at com.solacesystems.jcsmp.protocol.nio.impl.SubscriberMessageReader.processRead(SubscriberMessageReader.java:98)
	at com.solacesystems.jcsmp.protocol.nio.impl.SubscriberMessageReader.read(SubscriberMessageReader.java:138)
	at com.solacesystems.jcsmp.protocol.smf.SimpleSmfClient.read(SimpleSmfClient.java:1166)
	at com.solacesystems.jcsmp.protocol.nio.impl.SyncEventDispatcherReactor.processReactorChannels(SyncEventDispatcherReactor.java:206)
	at com.solacesystems.jcsmp.protocol.nio.impl.SyncEventDispatcherReactor.eventLoop(SyncEventDispatcherReactor.java:157)
	at com.solacesystems.jcsmp.protocol.nio.impl.SyncEventDispatcherReactor$SEDReactorThread.run(SyncEventDispatcherReactor.java:338)
	at java.base/java.lang.Thread.run(Thread.java:842)
2026-05-14 15:30:11.362 [Context_1_ConsumerDispatcher] ERROR c.p.g.esb.client.internal.protocol.SmfPubSub.publishMessage:1911 - SmfPubSub - publishMessage
com.solacesystems.jcsmp.ClosedFacilityException: Tried to perform operation on a closed XML message producer
	at com.solacesystems.jcsmp.impl.JCSMPXMLMessageProducer.throwClosedException(JCSMPXMLMessageProducer.java:1465)
	at com.solacesystems.jcsmp.impl.JCSMPXMLMessageProducer.prep_single_send_message_for_publish(JCSMPXMLMessageProducer.java:948)
	at com.solacesystems.jcsmp.impl.JCSMPXMLMessageProducer.sendToDestination(JCSMPXMLMessageProducer.java:847)
	at com.solacesystems.jcsmp.impl.JCSMPXMLMessageProducer.sendToDestination(JCSMPXMLMessageProducer.java:794)
	at com.solacesystems.jcsmp.impl.JCSMPXMLMessageProducer.send(JCSMPXMLMessageProducer.java:614)
	at com.psa.gtosplus.esb.client.internal.protocol.SmfPubSub.publishMessage(SmfPubSub.java:1903)
	at com.psa.gtosplus.esb.client.internal.protocol.SmfPubSub.stop(SmfPubSub.java:1439)
	at com.psa.gtosplus.esb.client.internal.protocol.SmfPubSub.restartSMF(SmfPubSub.java:2565)
	at com.psa.gtosplus.esb.client.internal.protocol.SmfPubSub$3.onException(SmfPubSub.java:1344)
	at com.solacesystems.jcsmp.protocol.nio.impl.ConsumerErrorNotification.handleNotification(ConsumerErrorNotification.java:39)
	at com.solacesystems.jcsmp.protocol.nio.impl.ConsumerNotificationDispatcher.eventLoop(ConsumerNotificationDispatcher.java:112)
	at com.solacesystems.jcsmp.protocol.nio.impl.ConsumerNotificationDispatcher.run(ConsumerNotificationDispatcher.java:130)
	at java.base/java.lang.Thread.run(Thread.java:842)
2026-05-14 15:30:11.393 [Context_1_ConsumerDispatcher] ERROR c.p.g.esb.client.internal.protocol.SmfPubSub.publishMessage:1911 - SmfPubSub - publishMessage
com.solacesystems.jcsmp.ClosedFacilityException: Tried to perform operation on a closed XML message producer
	at com.solacesystems.jcsmp.impl.JCSMPXMLMessageProducer.throwClosedException(JCSMPXMLMessageProducer.java:1465)
	at com.solacesystems.jcsmp.impl.JCSMPXMLMessageProducer.prep_single_send_message_for_publish(JCSMPXMLMessageProducer.java:948)
	at com.solacesystems.jcsmp.impl.JCSMPXMLMessageProducer.sendToDestination(JCSMPXMLMessageProducer.java:847)
	at com.solacesystems.jcsmp.impl.JCSMPXMLMessageProducer.sendToDestination(JCSMPXMLMessageProducer.java:794)
	at com.solacesystems.jcsmp.impl.JCSMPXMLMessageProducer.send(JCSMPXMLMessageProducer.java:614)
	at com.psa.gtosplus.esb.client.internal.protocol.SmfPubSub.publishMessage(SmfPubSub.java:1903)
	at com.psa.gtosplus.esb.client.internal.protocol.SmfPubSub.start(SmfPubSub.java:1398)
	at com.psa.gtosplus.esb.client.internal.protocol.SmfPubSub.restartSMF(SmfPubSub.java:2567)
	at com.psa.gtosplus.esb.client.internal.protocol.SmfPubSub$3.onException(SmfPubSub.java:1344)
	at com.solacesystems.jcsmp.protocol.nio.impl.ConsumerErrorNotification.handleNotification(ConsumerErrorNotification.java:39)
	at com.solacesystems.jcsmp.protocol.nio.impl.ConsumerNotificationDispatcher.eventLoop(ConsumerNotificationDispatcher.java:112)
	at com.solacesystems.jcsmp.protocol.nio.impl.ConsumerNotificationDispatcher.run(ConsumerNotificationDispatcher.java:130)
	at java.base/java.lang.Thread.run(Thread.java:842)
2026-05-14 15:30:11.393 [Context_1_ConsumerDispatcher] ERROR c.p.g.esb.client.internal.protocol.SmfPubSub.onException:1337 - SmfPubSub2 - onException
com.solacesystems.jcsmp.JCSMPErrorResponseException: 503: Unknown Queue
	at com.solacesystems.jcsmp.impl.flow.BindRequestTask.execute(BindRequestTask.java:204)
	at com.solacesystems.jcsmp.impl.flow.SubFlowManagerImpl.handleAssuredCtrlMessage(SubFlowManagerImpl.java:566)
	at com.solacesystems.jcsmp.protocol.impl.TcpClientChannel.handleAssuredCtrlMsg(TcpClientChannel.java:1659)
	at com.solacesystems.jcsmp.protocol.impl.TcpClientChannel.handleMessage(TcpClientChannel.java:1624)
	at com.solacesystems.jcsmp.protocol.nio.impl.SubscriberMessageReader.processRead(SubscriberMessageReader.java:98)
	at com.solacesystems.jcsmp.protocol.nio.impl.SubscriberMessageReader.read(SubscriberMessageReader.java:138)
	at com.solacesystems.jcsmp.protocol.smf.SimpleSmfClient.read(SimpleSmfClient.java:1166)
	at com.solacesystems.jcsmp.protocol.nio.impl.SyncEventDispatcherReactor.processReactorChannels(SyncEventDispatcherReactor.java:206)
	at com.solacesystems.jcsmp.protocol.nio.impl.SyncEventDispatcherReactor.eventLoop(SyncEventDispatcherReactor.java:157)
	at com.solacesystems.jcsmp.protocol.nio.impl.SyncEventDispatcherReactor$SEDReactorThread.run(SyncEventDispatcherReactor.java:338)
	at java.base/java.lang.Thread.run(Thread.java:842)
2026-05-14 15:30:11.393 [Context_1_ConsumerDispatcher] ERROR c.p.g.esb.client.internal.protocol.SmfPubSub.publishMessage:1911 - SmfPubSub - publishMessage
com.solacesystems.jcsmp.ClosedFacilityException: Tried to perform operation on a closed XML message producer
	at com.solacesystems.jcsmp.impl.JCSMPXMLMessageProducer.throwClosedException(JCSMPXMLMessageProducer.java:1465)
	at com.solacesystems.jcsmp.impl.JCSMPXMLMessageProducer.prep_single_send_message_for_publish(JCSMPXMLMessageProducer.java:948)
	at com.solacesystems.jcsmp.impl.JCSMPXMLMessageProducer.sendToDestination(JCSMPXMLMessageProducer.java:847)
	at com.solacesystems.jcsmp.impl.JCSMPXMLMessageProducer.sendToDestination(JCSMPXMLMessageProducer.java:794)
	at com.solacesystems.jcsmp.impl.JCSMPXMLMessageProducer.send(JCSMPXMLMessageProducer.java:614)
	at com.psa.gtosplus.esb.client.internal.protocol.SmfPubSub.publishMessage(SmfPubSub.java:1903)
	at com.psa.gtosplus.esb.client.internal.protocol.SmfPubSub.stop(SmfPubSub.java:1439)
	at com.psa.gtosplus.esb.client.internal.protocol.SmfPubSub.restartSMF(SmfPubSub.java:2565)
	at com.psa.gtosplus.esb.client.internal.protocol.SmfPubSub$3.onException(SmfPubSub.java:1344)
	at com.solacesystems.jcsmp.protocol.nio.impl.ConsumerErrorNotification.handleNotification(ConsumerErrorNotification.java:39)
	at com.solacesystems.jcsmp.protocol.nio.impl.ConsumerNotificationDispatcher.eventLoop(ConsumerNotificationDispatcher.java:112)
	at com.solacesystems.jcsmp.protocol.nio.impl.ConsumerNotificationDispatcher.run(ConsumerNotificationDispatcher.java:130)
	at java.base/java.lang.Thread.run(Thread.java:842)
2026-05-14 15:30:11.426 [Context_1_ConsumerDispatcher] ERROR c.p.g.esb.client.internal.protocol.SmfPubSub.publishMessage:1911 - SmfPubSub - publishMessage
com.solacesystems.jcsmp.ClosedFacilityException: Tried to perform operation on a closed XML message producer
	at com.solacesystems.jcsmp.impl.JCSMPXMLMessageProducer.throwClosedException(JCSMPXMLMessageProducer.java:1465)
	at com.solacesystems.jcsmp.impl.JCSMPXMLMessageProducer.prep_single_send_message_for_publish(JCSMPXMLMessageProducer.java:948)
	at com.solacesystems.jcsmp.impl.JCSMPXMLMessageProducer.sendToDestination(JCSMPXMLMessageProducer.java:847)
	at com.solacesystems.jcsmp.impl.JCSMPXMLMessageProducer.sendToDestination(JCSMPXMLMessageProducer.java:794)
	at com.solacesystems.jcsmp.impl.JCSMPXMLMessageProducer.send(JCSMPXMLMessageProducer.java:614)
	at com.psa.gtosplus.esb.client.internal.protocol.SmfPubSub.publishMessage(SmfPubSub.java:1903)
	at com.psa.gtosplus.esb.client.internal.protocol.SmfPubSub.start(SmfPubSub.java:1398)
	at com.psa.gtosplus.esb.client.internal.protocol.SmfPubSub.restartSMF(SmfPubSub.java:2567)
	at com.psa.gtosplus.esb.client.internal.protocol.SmfPubSub$3.onException(SmfPubSub.java:1344)
	at com.solacesystems.jcsmp.protocol.nio.impl.ConsumerErrorNotification.handleNotification(ConsumerErrorNotification.java:39)
	at com.solacesystems.jcsmp.protocol.nio.impl.ConsumerNotificationDispatcher.eventLoop(ConsumerNotificationDispatcher.java:112)
	at com.solacesystems.jcsmp.protocol.nio.impl.ConsumerNotificationDispatcher.run(ConsumerNotificationDispatcher.java:130)
	at java.base/java.lang.Thread.run(Thread.java:842)
2026-05-14 15:30:11.426 [Context_1_ConsumerDispatcher] ERROR c.p.g.esb.client.internal.protocol.SmfPubSub.onException:1337 - SmfPubSub2 - onException
com.solacesystems.jcsmp.JCSMPErrorResponseException: 503: Unknown Queue
	at com.solacesystems.jcsmp.impl.flow.BindRequestTask.execute(BindRequestTask.java:204)
	at com.solacesystems.jcsmp.impl.flow.SubFlowManagerImpl.handleAssuredCtrlMessage(SubFlowManagerImpl.java:566)
	at com.solacesystems.jcsmp.protocol.impl.TcpClientChannel.handleAssuredCtrlMsg(TcpClientChannel.java:1659)
	at com.solacesystems.jcsmp.protocol.impl.TcpClientChannel.handleMessage(TcpClientChannel.java:1624)
	at com.solacesystems.jcsmp.protocol.nio.impl.SubscriberMessageReader.processRead(SubscriberMessageReader.java:98)
	at com.solacesystems.jcsmp.protocol.nio.impl.SubscriberMessageReader.read(SubscriberMessageReader.java:138)
	at com.solacesystems.jcsmp.protocol.smf.SimpleSmfClient.read(SimpleSmfClient.java:1166)
	at com.solacesystems.jcsmp.protocol.nio.impl.SyncEventDispatcherReactor.processReactorChannels(SyncEventDispatcherReactor.java:206)
	at com.solacesystems.jcsmp.protocol.nio.impl.SyncEventDispatcherReactor.eventLoop(SyncEventDispatcherReactor.java:157)
	at com.solacesystems.jcsmp.protocol.nio.impl.SyncEventDispatcherReactor$SEDReactorThread.run(SyncEventDispatcherReactor.java:338)
	at java.base/java.lang.Thread.run(Thread.java:842)
2026-05-14 15:30:11.426 [Context_1_ConsumerDispatcher] ERROR c.p.g.esb.client.internal.protocol.SmfPubSub.publishMessage:1911 - SmfPubSub - publishMessage
com.solacesystems.jcsmp.ClosedFacilityException: Tried to perform operation on a closed XML message producer
	at com.solacesystems.jcsmp.impl.JCSMPXMLMessageProducer.throwClosedException(JCSMPXMLMessageProducer.java:1465)
	at com.solacesystems.jcsmp.impl.JCSMPXMLMessageProducer.prep_single_send_message_for_publish(JCSMPXMLMessageProducer.java:948)
	at com.solacesystems.jcsmp.impl.JCSMPXMLMessageProducer.sendToDestination(JCSMPXMLMessageProducer.java:847)
	at com.solacesystems.jcsmp.impl.JCSMPXMLMessageProducer.sendToDestination(JCSMPXMLMessageProducer.java:794)
	at com.solacesystems.jcsmp.impl.JCSMPXMLMessageProducer.send(JCSMPXMLMessageProducer.java:614)
	at com.psa.gtosplus.esb.client.internal.protocol.SmfPubSub.publishMessage(SmfPubSub.java:1903)
	at com.psa.gtosplus.esb.client.internal.protocol.SmfPubSub.stop(SmfPubSub.java:1439)
	at com.psa.gtosplus.esb.client.internal.protocol.SmfPubSub.restartSMF(SmfPubSub.java:2565)
	at com.psa.gtosplus.esb.client.internal.protocol.SmfPubSub$3.onException(SmfPubSub.java:1344)
	at com.solacesystems.jcsmp.protocol.nio.impl.ConsumerErrorNotification.handleNotification(ConsumerErrorNotification.java:39)
	at com.solacesystems.jcsmp.protocol.nio.impl.ConsumerNotificationDispatcher.eventLoop(ConsumerNotificationDispatcher.java:112)
	at com.solacesystems.jcsmp.protocol.nio.impl.ConsumerNotificationDispatcher.run(ConsumerNotificationDispatcher.java:130)
	at java.base/java.lang.Thread.run(Thread.java:842)
2026-05-14 15:30:11.457 [Context_1_ConsumerDispatcher] ERROR c.p.g.esb.client.internal.protocol.SmfPubSub.publishMessage:1911 - SmfPubSub - publishMessage
com.solacesystems.jcsmp.ClosedFacilityException: Tried to perform operation on a closed XML message producer
	at com.solacesystems.jcsmp.impl.JCSMPXMLMessageProducer.throwClosedException(JCSMPXMLMessageProducer.java:1465)
	at com.solacesystems.jcsmp.impl.JCSMPXMLMessageProducer.prep_single_send_message_for_publish(JCSMPXMLMessageProducer.java:948)
	at com.solacesystems.jcsmp.impl.JCSMPXMLMessageProducer.sendToDestination(JCSMPXMLMessageProducer.java:847)
	at com.solacesystems.jcsmp.impl.JCSMPXMLMessageProducer.sendToDestination(JCSMPXMLMessageProducer.java:794)
	at com.solacesystems.jcsmp.impl.JCSMPXMLMessageProducer.send(JCSMPXMLMessageProducer.java:614)
	at com.psa.gtosplus.esb.client.internal.protocol.SmfPubSub.publishMessage(SmfPubSub.java:1903)
	at com.psa.gtosplus.esb.client.internal.protocol.SmfPubSub.start(SmfPubSub.java:1398)
	at com.psa.gtosplus.esb.client.internal.protocol.SmfPubSub.restartSMF(SmfPubSub.java:2567)
	at com.psa.gtosplus.esb.client.internal.protocol.SmfPubSub$3.onException(SmfPubSub.java:1344)
	at com.solacesystems.jcsmp.protocol.nio.impl.ConsumerErrorNotification.handleNotification(ConsumerErrorNotification.java:39)
	at com.solacesystems.jcsmp.protocol.nio.impl.ConsumerNotificationDispatcher.eventLoop(ConsumerNotificationDispatcher.java:112)
	at com.solacesystems.jcsmp.protocol.nio.impl.ConsumerNotificationDispatcher.run(ConsumerNotificationDispatcher.java:130)
	at java.base/java.lang.Thread.run(Thread.java:842)
2026-05-14 15:30:11.457 [Context_1_ConsumerDispatcher] ERROR c.p.g.esb.client.internal.protocol.SmfPubSub.onException:1337 - SmfPubSub2 - onException
com.solacesystems.jcsmp.JCSMPErrorResponseException: 503: Unknown Queue
	at com.solacesystems.jcsmp.impl.flow.BindRequestTask.execute(BindRequestTask.java:204)
	at com.solacesystems.jcsmp.impl.flow.SubFlowManagerImpl.handleAssuredCtrlMessage(SubFlowManagerImpl.java:566)
	at com.solacesystems.jcsmp.protocol.impl.TcpClientChannel.handleAssuredCtrlMsg(TcpClientChannel.java:1659)
	at com.solacesystems.jcsmp.protocol.impl.TcpClientChannel.handleMessage(TcpClientChannel.java:1624)
	at com.solacesystems.jcsmp.protocol.nio.impl.SubscriberMessageReader.processRead(SubscriberMessageReader.java:98)
	at com.solacesystems.jcsmp.protocol.nio.impl.SubscriberMessageReader.read(SubscriberMessageReader.java:138)
	at com.solacesystems.jcsmp.protocol.smf.SimpleSmfClient.read(SimpleSmfClient.java:1166)
	at com.solacesystems.jcsmp.protocol.nio.impl.SyncEventDispatcherReactor.processReactorChannels(SyncEventDispatcherReactor.java:206)
	at com.solacesystems.jcsmp.protocol.nio.impl.SyncEventDispatcherReactor.eventLoop(SyncEventDispatcherReactor.java:157)
	at com.solacesystems.jcsmp.protocol.nio.impl.SyncEventDispatcherReactor$SEDReactorThread.run(SyncEventDispatcherReactor.java:338)
	at java.base/java.lang.Thread.run(Thread.java:842)
2026-05-14 15:30:11.457 [Context_1_ConsumerDispatcher] ERROR c.p.g.esb.client.internal.protocol.SmfPubSub.publishMessage:1911 - SmfPubSub - publishMessage
com.solacesystems.jcsmp.ClosedFacilityException: Tried to perform operation on a closed XML message producer
	at com.solacesystems.jcsmp.impl.JCSMPXMLMessageProducer.throwClosedException(JCSMPXMLMessageProducer.java:1465)
	at com.solacesystems.jcsmp.impl.JCSMPXMLMessageProducer.prep_single_send_message_for_publish(JCSMPXMLMessageProducer.java:948)
	at com.solacesystems.jcsmp.impl.JCSMPXMLMessageProducer.sendToDestination(JCSMPXMLMessageProducer.java:847)
	at com.solacesystems.jcsmp.impl.JCSMPXMLMessageProducer.sendToDestination(JCSMPXMLMessageProducer.java:794)
	at com.solacesystems.jcsmp.impl.JCSMPXMLMessageProducer.send(JCSMPXMLMessageProducer.java:614)
	at com.psa.gtosplus.esb.client.internal.protocol.SmfPubSub.publishMessage(SmfPubSub.java:1903)
	at com.psa.gtosplus.esb.client.internal.protocol.SmfPubSub.stop(SmfPubSub.java:1439)
	at com.psa.gtosplus.esb.client.internal.protocol.SmfPubSub.restartSMF(SmfPubSub.java:2565)
	at com.psa.gtosplus.esb.client.internal.protocol.SmfPubSub$3.onException(SmfPubSub.java:1344)
	at com.solacesystems.jcsmp.protocol.nio.impl.ConsumerErrorNotification.handleNotification(ConsumerErrorNotification.java:39)
	at com.solacesystems.jcsmp.protocol.nio.impl.ConsumerNotificationDispatcher.eventLoop(ConsumerNotificationDispatcher.java:112)
	at com.solacesystems.jcsmp.protocol.nio.impl.ConsumerNotificationDispatcher.run(ConsumerNotificationDispatcher.java:130)
	at java.base/java.lang.Thread.run(Thread.java:842)
2026-05-14 15:30:11.492 [Context_1_ConsumerDispatcher] ERROR c.p.g.esb.client.internal.protocol.SmfPubSub.publishMessage:1911 - SmfPubSub - publishMessage
com.solacesystems.jcsmp.ClosedFacilityException: Tried to perform operation on a closed XML message producer
	at com.solacesystems.jcsmp.impl.JCSMPXMLMessageProducer.throwClosedException(JCSMPXMLMessageProducer.java:1465)
	at com.solacesystems.jcsmp.impl.JCSMPXMLMessageProducer.prep_single_send_message_for_publish(JCSMPXMLMessageProducer.java:948)
	at com.solacesystems.jcsmp.impl.JCSMPXMLMessageProducer.sendToDestination(JCSMPXMLMessageProducer.java:847)
	at com.solacesystems.jcsmp.impl.JCSMPXMLMessageProducer.sendToDestination(JCSMPXMLMessageProducer.java:794)
	at com.solacesystems.jcsmp.impl.JCSMPXMLMessageProducer.send(JCSMPXMLMessageProducer.java:614)
	at com.psa.gtosplus.esb.client.internal.protocol.SmfPubSub.publishMessage(SmfPubSub.java:1903)
	at com.psa.gtosplus.esb.client.internal.protocol.SmfPubSub.start(SmfPubSub.java:1398)
	at com.psa.gtosplus.esb.client.internal.protocol.SmfPubSub.restartSMF(SmfPubSub.java:2567)
	at com.psa.gtosplus.esb.client.internal.protocol.SmfPubSub$3.onException(SmfPubSub.java:1344)
	at com.solacesystems.jcsmp.protocol.nio.impl.ConsumerErrorNotification.handleNotification(ConsumerErrorNotification.java:39)
	at com.solacesystems.jcsmp.protocol.nio.impl.ConsumerNotificationDispatcher.eventLoop(ConsumerNotificationDispatcher.java:112)
	at com.solacesystems.jcsmp.protocol.nio.impl.ConsumerNotificationDispatcher.run(ConsumerNotificationDispatcher.java:130)
	at java.base/java.lang.Thread.run(Thread.java:842)
2026-05-14 15:30:11.492 [Context_1_ConsumerDispatcher] ERROR c.p.g.esb.client.internal.protocol.SmfPubSub.onException:1337 - SmfPubSub2 - onException
com.solacesystems.jcsmp.JCSMPErrorResponseException: 503: Unknown Queue
	at com.solacesystems.jcsmp.impl.flow.BindRequestTask.execute(BindRequestTask.java:204)
	at com.solacesystems.jcsmp.impl.flow.SubFlowManagerImpl.handleAssuredCtrlMessage(SubFlowManagerImpl.java:566)
	at com.solacesystems.jcsmp.protocol.impl.TcpClientChannel.handleAssuredCtrlMsg(TcpClientChannel.java:1659)
	at com.solacesystems.jcsmp.protocol.impl.TcpClientChannel.handleMessage(TcpClientChannel.java:1624)
	at com.solacesystems.jcsmp.protocol.nio.impl.SubscriberMessageReader.processRead(SubscriberMessageReader.java:98)
	at com.solacesystems.jcsmp.protocol.nio.impl.SubscriberMessageReader.read(SubscriberMessageReader.java:138)
	at com.solacesystems.jcsmp.protocol.smf.SimpleSmfClient.read(SimpleSmfClient.java:1166)
	at com.solacesystems.jcsmp.protocol.nio.impl.SyncEventDispatcherReactor.processReactorChannels(SyncEventDispatcherReactor.java:206)
	at com.solacesystems.jcsmp.protocol.nio.impl.SyncEventDispatcherReactor.eventLoop(SyncEventDispatcherReactor.java:157)
	at com.solacesystems.jcsmp.protocol.nio.impl.SyncEventDispatcherReactor$SEDReactorThread.run(SyncEventDispatcherReactor.java:338)
	at java.base/java.lang.Thread.run(Thread.java:842)
2026-05-14 15:30:11.492 [Context_1_ConsumerDispatcher] ERROR c.p.g.esb.client.internal.protocol.SmfPubSub.publishMessage:1911 - SmfPubSub - publishMessage
com.solacesystems.jcsmp.ClosedFacilityException: Tried to perform operation on a closed XML message producer
	at com.solacesystems.jcsmp.impl.JCSMPXMLMessageProducer.throwClosedException(JCSMPXMLMessageProducer.java:1465)
	at com.solacesystems.jcsmp.impl.JCSMPXMLMessageProducer.prep_single_send_message_for_publish(JCSMPXMLMessageProducer.java:948)
	at com.solacesystems.jcsmp.impl.JCSMPXMLMessageProducer.sendToDestination(JCSMPXMLMessageProducer.java:847)
	at com.solacesystems.jcsmp.impl.JCSMPXMLMessageProducer.sendToDestination(JCSMPXMLMessageProducer.java:794)
	at com.solacesystems.jcsmp.impl.JCSMPXMLMessageProducer.send(JCSMPXMLMessageProducer.java:614)
	at com.psa.gtosplus.esb.client.internal.protocol.SmfPubSub.publishMessage(SmfPubSub.java:1903)
	at com.psa.gtosplus.esb.client.internal.protocol.SmfPubSub.stop(SmfPubSub.java:1439)
	at com.psa.gtosplus.esb.client.internal.protocol.SmfPubSub.restartSMF(SmfPubSub.java:2565)
	at com.psa.gtosplus.esb.client.internal.protocol.SmfPubSub$3.onException(SmfPubSub.java:1344)
	at com.solacesystems.jcsmp.protocol.nio.impl.ConsumerErrorNotification.handleNotification(ConsumerErrorNotification.java:39)
	at com.solacesystems.jcsmp.protocol.nio.impl.ConsumerNotificationDispatcher.eventLoop(ConsumerNotificationDispatcher.java:112)
	at com.solacesystems.jcsmp.protocol.nio.impl.ConsumerNotificationDispatcher.run(ConsumerNotificationDispatcher.java:130)
	at java.base/java.lang.Thread.run(Thread.java:842)
2026-05-14 15:30:11.523 [Context_1_ConsumerDispatcher] ERROR c.p.g.esb.client.internal.protocol.SmfPubSub.publishMessage:1911 - SmfPubSub - publishMessage
com.solacesystems.jcsmp.ClosedFacilityException: Tried to perform operation on a closed XML message producer
	at com.solacesystems.jcsmp.impl.JCSMPXMLMessageProducer.throwClosedException(JCSMPXMLMessageProducer.java:1465)
	at com.solacesystems.jcsmp.impl.JCSMPXMLMessageProducer.prep_single_send_message_for_publish(JCSMPXMLMessageProducer.java:948)
	at com.solacesystems.jcsmp.impl.JCSMPXMLMessageProducer.sendToDestination(JCSMPXMLMessageProducer.java:847)
	at com.solacesystems.jcsmp.impl.JCSMPXMLMessageProducer.sendToDestination(JCSMPXMLMessageProducer.java:794)
	at com.solacesystems.jcsmp.impl.JCSMPXMLMessageProducer.send(JCSMPXMLMessageProducer.java:614)
	at com.psa.gtosplus.esb.client.internal.protocol.SmfPubSub.publishMessage(SmfPubSub.java:1903)
	at com.psa.gtosplus.esb.client.internal.protocol.SmfPubSub.start(SmfPubSub.java:1398)
	at com.psa.gtosplus.esb.client.internal.protocol.SmfPubSub.restartSMF(SmfPubSub.java:2567)
	at com.psa.gtosplus.esb.client.internal.protocol.SmfPubSub$3.onException(SmfPubSub.java:1344)
	at com.solacesystems.jcsmp.protocol.nio.impl.ConsumerErrorNotification.handleNotification(ConsumerErrorNotification.java:39)
	at com.solacesystems.jcsmp.protocol.nio.impl.ConsumerNotificationDispatcher.eventLoop(ConsumerNotificationDispatcher.java:112)
	at com.solacesystems.jcsmp.protocol.nio.impl.ConsumerNotificationDispatcher.run(ConsumerNotificationDispatcher.java:130)
	at java.base/java.lang.Thread.run(Thread.java:842)
2026-05-14 15:30:11.523 [Context_1_ConsumerDispatcher] ERROR c.p.g.esb.client.internal.protocol.SmfPubSub.onException:1337 - SmfPubSub2 - onException
com.solacesystems.jcsmp.JCSMPErrorResponseException: 503: Unknown Queue
	at com.solacesystems.jcsmp.impl.flow.BindRequestTask.execute(BindRequestTask.java:204)
	at com.solacesystems.jcsmp.impl.flow.SubFlowManagerImpl.handleAssuredCtrlMessage(SubFlowManagerImpl.java:566)
	at com.solacesystems.jcsmp.protocol.impl.TcpClientChannel.handleAssuredCtrlMsg(TcpClientChannel.java:1659)
	at com.solacesystems.jcsmp.protocol.impl.TcpClientChannel.handleMessage(TcpClientChannel.java:1624)
	at com.solacesystems.jcsmp.protocol.nio.impl.SubscriberMessageReader.processRead(SubscriberMessageReader.java:98)
	at com.solacesystems.jcsmp.protocol.nio.impl.SubscriberMessageReader.read(SubscriberMessageReader.java:138)
	at com.solacesystems.jcsmp.protocol.smf.SimpleSmfClient.read(SimpleSmfClient.java:1166)
	at com.solacesystems.jcsmp.protocol.nio.impl.SyncEventDispatcherReactor.processReactorChannels(SyncEventDispatcherReactor.java:206)
	at com.solacesystems.jcsmp.protocol.nio.impl.SyncEventDispatcherReactor.eventLoop(SyncEventDispatcherReactor.java:157)
	at com.solacesystems.jcsmp.protocol.nio.impl.SyncEventDispatcherReactor$SEDReactorThread.run(SyncEventDispatcherReactor.java:338)
	at java.base/java.lang.Thread.run(Thread.java:842)
2026-05-14 15:30:11.523 [Context_1_ConsumerDispatcher] ERROR c.p.g.esb.client.internal.protocol.SmfPubSub.publishMessage:1911 - SmfPubSub - publishMessage
com.solacesystems.jcsmp.ClosedFacilityException: Tried to perform operation on a closed XML message producer
	at com.solacesystems.jcsmp.impl.JCSMPXMLMessageProducer.throwClosedException(JCSMPXMLMessageProducer.java:1465)
	at com.solacesystems.jcsmp.impl.JCSMPXMLMessageProducer.prep_single_send_message_for_publish(JCSMPXMLMessageProducer.java:948)
	at com.solacesystems.jcsmp.impl.JCSMPXMLMessageProducer.sendToDestination(JCSMPXMLMessageProducer.java:847)
	at com.solacesystems.jcsmp.impl.JCSMPXMLMessageProducer.sendToDestination(JCSMPXMLMessageProducer.java:794)
	at com.solacesystems.jcsmp.impl.JCSMPXMLMessageProducer.send(JCSMPXMLMessageProducer.java:614)
	at com.psa.gtosplus.esb.client.internal.protocol.SmfPubSub.publishMessage(SmfPubSub.java:1903)
	at com.psa.gtosplus.esb.client.internal.protocol.SmfPubSub.stop(SmfPubSub.java:1439)
	at com.psa.gtosplus.esb.client.internal.protocol.SmfPubSub.restartSMF(SmfPubSub.java:2565)
	at com.psa.gtosplus.esb.client.internal.protocol.SmfPubSub$3.onException(SmfPubSub.java:1344)
	at com.solacesystems.jcsmp.protocol.nio.impl.ConsumerErrorNotification.handleNotification(ConsumerErrorNotification.java:39)
	at com.solacesystems.jcsmp.protocol.nio.impl.ConsumerNotificationDispatcher.eventLoop(ConsumerNotificationDispatcher.java:112)
	at com.solacesystems.jcsmp.protocol.nio.impl.ConsumerNotificationDispatcher.run(ConsumerNotificationDispatcher.java:130)
	at java.base/java.lang.Thread.run(Thread.java:842)
2026-05-14 15:30:11.555 [Context_1_ConsumerDispatcher] ERROR c.p.g.esb.client.internal.protocol.SmfPubSub.publishMessage:1911 - SmfPubSub - publishMessage
com.solacesystems.jcsmp.ClosedFacilityException: Tried to perform operation on a closed XML message producer
	at com.solacesystems.jcsmp.impl.JCSMPXMLMessageProducer.throwClosedException(JCSMPXMLMessageProducer.java:1465)
	at com.solacesystems.jcsmp.impl.JCSMPXMLMessageProducer.prep_single_send_message_for_publish(JCSMPXMLMessageProducer.java:948)
	at com.solacesystems.jcsmp.impl.JCSMPXMLMessageProducer.sendToDestination(JCSMPXMLMessageProducer.java:847)
	at com.solacesystems.jcsmp.impl.JCSMPXMLMessageProducer.sendToDestination(JCSMPXMLMessageProducer.java:794)
	at com.solacesystems.jcsmp.impl.JCSMPXMLMessageProducer.send(JCSMPXMLMessageProducer.java:614)
	at com.psa.gtosplus.esb.client.internal.protocol.SmfPubSub.publishMessage(SmfPubSub.java:1903)
	at com.psa.gtosplus.esb.client.internal.protocol.SmfPubSub.start(SmfPubSub.java:1398)
	at com.psa.gtosplus.esb.client.internal.protocol.SmfPubSub.restartSMF(SmfPubSub.java:2567)
	at com.psa.gtosplus.esb.client.internal.protocol.SmfPubSub$3.onException(SmfPubSub.java:1344)
	at com.solacesystems.jcsmp.protocol.nio.impl.ConsumerErrorNotification.handleNotification(ConsumerErrorNotification.java:39)
	at com.solacesystems.jcsmp.protocol.nio.impl.ConsumerNotificationDispatcher.eventLoop(ConsumerNotificationDispatcher.java:112)
	at com.solacesystems.jcsmp.protocol.nio.impl.ConsumerNotificationDispatcher.run(ConsumerNotificationDispatcher.java:130)
	at java.base/java.lang.Thread.run(Thread.java:842)
2026-05-14 15:30:11.555 [Context_1_ConsumerDispatcher] ERROR c.p.g.esb.client.internal.protocol.SmfPubSub.onException:1337 - SmfPubSub2 - onException
com.solacesystems.jcsmp.JCSMPErrorResponseException: 503: Unknown Queue
	at com.solacesystems.jcsmp.impl.flow.BindRequestTask.execute(BindRequestTask.java:204)
	at com.solacesystems.jcsmp.impl.flow.SubFlowManagerImpl.handleAssuredCtrlMessage(SubFlowManagerImpl.java:566)
	at com.solacesystems.jcsmp.protocol.impl.TcpClientChannel.handleAssuredCtrlMsg(TcpClientChannel.java:1659)
	at com.solacesystems.jcsmp.protocol.impl.TcpClientChannel.handleMessage(TcpClientChannel.java:1624)
	at com.solacesystems.jcsmp.protocol.nio.impl.SubscriberMessageReader.processRead(SubscriberMessageReader.java:98)
	at com.solacesystems.jcsmp.protocol.nio.impl.SubscriberMessageReader.read(SubscriberMessageReader.java:138)
	at com.solacesystems.jcsmp.protocol.smf.SimpleSmfClient.read(SimpleSmfClient.java:1166)
	at com.solacesystems.jcsmp.protocol.nio.impl.SyncEventDispatcherReactor.processReactorChannels(SyncEventDispatcherReactor.java:206)
	at com.solacesystems.jcsmp.protocol.nio.impl.SyncEventDispatcherReactor.eventLoop(SyncEventDispatcherReactor.java:157)
	at com.solacesystems.jcsmp.protocol.nio.impl.SyncEventDispatcherReactor$SEDReactorThread.run(SyncEventDispatcherReactor.java:338)
	at java.base/java.lang.Thread.run(Thread.java:842)
2026-05-14 15:30:11.556 [Context_1_ConsumerDispatcher] ERROR c.p.g.esb.client.internal.protocol.SmfPubSub.publishMessage:1911 - SmfPubSub - publishMessage
com.solacesystems.jcsmp.ClosedFacilityException: Tried to perform operation on a closed XML message producer
	at com.solacesystems.jcsmp.impl.JCSMPXMLMessageProducer.throwClosedException(JCSMPXMLMessageProducer.java:1465)
	at com.solacesystems.jcsmp.impl.JCSMPXMLMessageProducer.prep_single_send_message_for_publish(JCSMPXMLMessageProducer.java:948)
	at com.solacesystems.jcsmp.impl.JCSMPXMLMessageProducer.sendToDestination(JCSMPXMLMessageProducer.java:847)
	at com.solacesystems.jcsmp.impl.JCSMPXMLMessageProducer.sendToDestination(JCSMPXMLMessageProducer.java:794)
	at com.solacesystems.jcsmp.impl.JCSMPXMLMessageProducer.send(JCSMPXMLMessageProducer.java:614)
	at com.psa.gtosplus.esb.client.internal.protocol.SmfPubSub.publishMessage(SmfPubSub.java:1903)
	at com.psa.gtosplus.esb.client.internal.protocol.SmfPubSub.stop(SmfPubSub.java:1439)
	at com.psa.gtosplus.esb.client.internal.protocol.SmfPubSub.restartSMF(SmfPubSub.java:2565)
	at com.psa.gtosplus.esb.client.internal.protocol.SmfPubSub$3.onException(SmfPubSub.java:1344)
	at com.solacesystems.jcsmp.protocol.nio.impl.ConsumerErrorNotification.handleNotification(ConsumerErrorNotification.java:39)
	at com.solacesystems.jcsmp.protocol.nio.impl.ConsumerNotificationDispatcher.eventLoop(ConsumerNotificationDispatcher.java:112)
	at com.solacesystems.jcsmp.protocol.nio.impl.ConsumerNotificationDispatcher.run(ConsumerNotificationDispatcher.java:130)
	at java.base/java.lang.Thread.run(Thread.java:842)
2026-05-14 15:30:11.577 [Context_1_ConsumerDispatcher] ERROR c.p.g.esb.client.internal.protocol.SmfPubSub.publishMessage:1911 - SmfPubSub - publishMessage
com.solacesystems.jcsmp.ClosedFacilityException: Tried to perform operation on a closed XML message producer
	at com.solacesystems.jcsmp.impl.JCSMPXMLMessageProducer.throwClosedException(JCSMPXMLMessageProducer.java:1465)
	at com.solacesystems.jcsmp.impl.JCSMPXMLMessageProducer.prep_single_send_message_for_publish(JCSMPXMLMessageProducer.java:948)
	at com.solacesystems.jcsmp.impl.JCSMPXMLMessageProducer.sendToDestination(JCSMPXMLMessageProducer.java:847)
	at com.solacesystems.jcsmp.impl.JCSMPXMLMessageProducer.sendToDestination(JCSMPXMLMessageProducer.java:794)
	at com.solacesystems.jcsmp.impl.JCSMPXMLMessageProducer.send(JCSMPXMLMessageProducer.java:614)
	at com.psa.gtosplus.esb.client.internal.protocol.SmfPubSub.publishMessage(SmfPubSub.java:1903)
	at com.psa.gtosplus.esb.client.internal.protocol.SmfPubSub.start(SmfPubSub.java:1398)
	at com.psa.gtosplus.esb.client.internal.protocol.SmfPubSub.restartSMF(SmfPubSub.java:2567)
	at com.psa.gtosplus.esb.client.internal.protocol.SmfPubSub$3.onException(SmfPubSub.java:1344)
	at com.solacesystems.jcsmp.protocol.nio.impl.ConsumerErrorNotification.handleNotification(ConsumerErrorNotification.java:39)
	at com.solacesystems.jcsmp.protocol.nio.impl.ConsumerNotificationDispatcher.eventLoop(ConsumerNotificationDispatcher.java:112)
	at com.solacesystems.jcsmp.protocol.nio.impl.ConsumerNotificationDispatcher.run(ConsumerNotificationDispatcher.java:130)
	at java.base/java.lang.Thread.run(Thread.java:842)
2026-05-14 15:30:11.577 [Context_1_ConsumerDispatcher] ERROR c.p.g.esb.client.internal.protocol.SmfPubSub.onException:1337 - SmfPubSub2 - onException
com.solacesystems.jcsmp.JCSMPErrorResponseException: 503: Unknown Queue
	at com.solacesystems.jcsmp.impl.flow.BindRequestTask.execute(BindRequestTask.java:204)
	at com.solacesystems.jcsmp.impl.flow.SubFlowManagerImpl.handleAssuredCtrlMessage(SubFlowManagerImpl.java:566)
	at com.solacesystems.jcsmp.protocol.impl.TcpClientChannel.handleAssuredCtrlMsg(TcpClientChannel.java:1659)
	at com.solacesystems.jcsmp.protocol.impl.TcpClientChannel.handleMessage(TcpClientChannel.java:1624)
	at com.solacesystems.jcsmp.protocol.nio.impl.SubscriberMessageReader.processRead(SubscriberMessageReader.java:98)
	at com.solacesystems.jcsmp.protocol.nio.impl.SubscriberMessageReader.read(SubscriberMessageReader.java:138)
	at com.solacesystems.jcsmp.protocol.smf.SimpleSmfClient.read(SimpleSmfClient.java:1166)
	at com.solacesystems.jcsmp.protocol.nio.impl.SyncEventDispatcherReactor.processReactorChannels(SyncEventDispatcherReactor.java:206)
	at com.solacesystems.jcsmp.protocol.nio.impl.SyncEventDispatcherReactor.eventLoop(SyncEventDispatcherReactor.java:157)
	at com.solacesystems.jcsmp.protocol.nio.impl.SyncEventDispatcherReactor$SEDReactorThread.run(SyncEventDispatcherReactor.java:338)
	at java.base/java.lang.Thread.run(Thread.java:842)
2026-05-14 15:30:11.577 [Context_1_ConsumerDispatcher] ERROR c.p.g.esb.client.internal.protocol.SmfPubSub.publishMessage:1911 - SmfPubSub - publishMessage
com.solacesystems.jcsmp.ClosedFacilityException: Tried to perform operation on a closed XML message producer
	at com.solacesystems.jcsmp.impl.JCSMPXMLMessageProducer.throwClosedException(JCSMPXMLMessageProducer.java:1465)
	at com.solacesystems.jcsmp.impl.JCSMPXMLMessageProducer.prep_single_send_message_for_publish(JCSMPXMLMessageProducer.java:948)
	at com.solacesystems.jcsmp.impl.JCSMPXMLMessageProducer.sendToDestination(JCSMPXMLMessageProducer.java:847)
	at com.solacesystems.jcsmp.impl.JCSMPXMLMessageProducer.sendToDestination(JCSMPXMLMessageProducer.java:794)
	at com.solacesystems.jcsmp.impl.JCSMPXMLMessageProducer.send(JCSMPXMLMessageProducer.java:614)
	at com.psa.gtosplus.esb.client.internal.protocol.SmfPubSub.publishMessage(SmfPubSub.java:1903)
	at com.psa.gtosplus.esb.client.internal.protocol.SmfPubSub.stop(SmfPubSub.java:1439)
	at com.psa.gtosplus.esb.client.internal.protocol.SmfPubSub.restartSMF(SmfPubSub.java:2565)
	at com.psa.gtosplus.esb.client.internal.protocol.SmfPubSub$3.onException(SmfPubSub.java:1344)
	at com.solacesystems.jcsmp.protocol.nio.impl.ConsumerErrorNotification.handleNotification(ConsumerErrorNotification.java:39)
	at com.solacesystems.jcsmp.protocol.nio.impl.ConsumerNotificationDispatcher.eventLoop(ConsumerNotificationDispatcher.java:112)
	at com.solacesystems.jcsmp.protocol.nio.impl.ConsumerNotificationDispatcher.run(ConsumerNotificationDispatcher.java:130)
	at java.base/java.lang.Thread.run(Thread.java:842)
2026-05-14 15:30:11.627 [Context_1_ConsumerDispatcher] ERROR c.p.g.esb.client.internal.protocol.SmfPubSub.publishMessage:1911 - SmfPubSub - publishMessage
com.solacesystems.jcsmp.ClosedFacilityException: Tried to perform operation on a closed XML message producer
	at com.solacesystems.jcsmp.impl.JCSMPXMLMessageProducer.throwClosedException(JCSMPXMLMessageProducer.java:1465)
	at com.solacesystems.jcsmp.impl.JCSMPXMLMessageProducer.prep_single_send_message_for_publish(JCSMPXMLMessageProducer.java:948)
	at com.solacesystems.jcsmp.impl.JCSMPXMLMessageProducer.sendToDestination(JCSMPXMLMessageProducer.java:847)
	at com.solacesystems.jcsmp.impl.JCSMPXMLMessageProducer.sendToDestination(JCSMPXMLMessageProducer.java:794)
	at com.solacesystems.jcsmp.impl.JCSMPXMLMessageProducer.send(JCSMPXMLMessageProducer.java:614)
	at com.psa.gtosplus.esb.client.internal.protocol.SmfPubSub.publishMessage(SmfPubSub.java:1903)
	at com.psa.gtosplus.esb.client.internal.protocol.SmfPubSub.start(SmfPubSub.java:1398)
	at com.psa.gtosplus.esb.client.internal.protocol.SmfPubSub.restartSMF(SmfPubSub.java:2567)
	at com.psa.gtosplus.esb.client.internal.protocol.SmfPubSub$3.onException(SmfPubSub.java:1344)
	at com.solacesystems.jcsmp.protocol.nio.impl.ConsumerErrorNotification.handleNotification(ConsumerErrorNotification.java:39)
	at com.solacesystems.jcsmp.protocol.nio.impl.ConsumerNotificationDispatcher.eventLoop(ConsumerNotificationDispatcher.java:112)
	at com.solacesystems.jcsmp.protocol.nio.impl.ConsumerNotificationDispatcher.run(ConsumerNotificationDispatcher.java:130)
	at java.base/java.lang.Thread.run(Thread.java:842)
2026-05-14 15:30:11.627 [Context_1_ConsumerDispatcher] ERROR c.p.g.esb.client.internal.protocol.SmfPubSub.onException:1337 - SmfPubSub2 - onException
com.solacesystems.jcsmp.JCSMPErrorResponseException: 503: Unknown Queue
	at com.solacesystems.jcsmp.impl.flow.BindRequestTask.execute(BindRequestTask.java:204)
	at com.solacesystems.jcsmp.impl.flow.SubFlowManagerImpl.handleAssuredCtrlMessage(SubFlowManagerImpl.java:566)
	at com.solacesystems.jcsmp.protocol.impl.TcpClientChannel.handleAssuredCtrlMsg(TcpClientChannel.java:1659)
	at com.solacesystems.jcsmp.protocol.impl.TcpClientChannel.handleMessage(TcpClientChannel.java:1624)
	at com.solacesystems.jcsmp.protocol.nio.impl.SubscriberMessageReader.processRead(SubscriberMessageReader.java:98)
	at com.solacesystems.jcsmp.protocol.nio.impl.SubscriberMessageReader.read(SubscriberMessageReader.java:138)
	at com.solacesystems.jcsmp.protocol.smf.SimpleSmfClient.read(SimpleSmfClient.java:1166)
	at com.solacesystems.jcsmp.protocol.nio.impl.SyncEventDispatcherReactor.processReactorChannels(SyncEventDispatcherReactor.java:206)
	at com.solacesystems.jcsmp.protocol.nio.impl.SyncEventDispatcherReactor.eventLoop(SyncEventDispatcherReactor.java:157)
	at com.solacesystems.jcsmp.protocol.nio.impl.SyncEventDispatcherReactor$SEDReactorThread.run(SyncEventDispatcherReactor.java:338)
	at java.base/java.lang.Thread.run(Thread.java:842)
2026-05-14 15:30:11.627 [Context_1_ConsumerDispatcher] ERROR c.p.g.esb.client.internal.protocol.SmfPubSub.publishMessage:1911 - SmfPubSub - publishMessage
com.solacesystems.jcsmp.ClosedFacilityException: Tried to perform operation on a closed XML message producer
	at com.solacesystems.jcsmp.impl.JCSMPXMLMessageProducer.throwClosedException(JCSMPXMLMessageProducer.java:1465)
	at com.solacesystems.jcsmp.impl.JCSMPXMLMessageProducer.prep_single_send_message_for_publish(JCSMPXMLMessageProducer.java:948)
	at com.solacesystems.jcsmp.impl.JCSMPXMLMessageProducer.sendToDestination(JCSMPXMLMessageProducer.java:847)
	at com.solacesystems.jcsmp.impl.JCSMPXMLMessageProducer.sendToDestination(JCSMPXMLMessageProducer.java:794)
	at com.solacesystems.jcsmp.impl.JCSMPXMLMessageProducer.send(JCSMPXMLMessageProducer.java:614)
	at com.psa.gtosplus.esb.client.internal.protocol.SmfPubSub.publishMessage(SmfPubSub.java:1903)
	at com.psa.gtosplus.esb.client.internal.protocol.SmfPubSub.stop(SmfPubSub.java:1439)
	at com.psa.gtosplus.esb.client.internal.protocol.SmfPubSub.restartSMF(SmfPubSub.java:2565)
	at com.psa.gtosplus.esb.client.internal.protocol.SmfPubSub$3.onException(SmfPubSub.java:1344)
	at com.solacesystems.jcsmp.protocol.nio.impl.ConsumerErrorNotification.handleNotification(ConsumerErrorNotification.java:39)
	at com.solacesystems.jcsmp.protocol.nio.impl.ConsumerNotificationDispatcher.eventLoop(ConsumerNotificationDispatcher.java:112)
	at com.solacesystems.jcsmp.protocol.nio.impl.ConsumerNotificationDispatcher.run(ConsumerNotificationDispatcher.java:130)
	at java.base/java.lang.Thread.run(Thread.java:842)
2026-05-14 15:30:11.658 [Context_1_ConsumerDispatcher] ERROR c.p.g.esb.client.internal.protocol.SmfPubSub.publishMessage:1911 - SmfPubSub - publishMessage
com.solacesystems.jcsmp.ClosedFacilityException: Tried to perform operation on a closed XML message producer
	at com.solacesystems.jcsmp.impl.JCSMPXMLMessageProducer.throwClosedException(JCSMPXMLMessageProducer.java:1465)
	at com.solacesystems.jcsmp.impl.JCSMPXMLMessageProducer.prep_single_send_message_for_publish(JCSMPXMLMessageProducer.java:948)
	at com.solacesystems.jcsmp.impl.JCSMPXMLMessageProducer.sendToDestination(JCSMPXMLMessageProducer.java:847)
	at com.solacesystems.jcsmp.impl.JCSMPXMLMessageProducer.sendToDestination(JCSMPXMLMessageProducer.java:794)
	at com.solacesystems.jcsmp.impl.JCSMPXMLMessageProducer.send(JCSMPXMLMessageProducer.java:614)
	at com.psa.gtosplus.esb.client.internal.protocol.SmfPubSub.publishMessage(SmfPubSub.java:1903)
	at com.psa.gtosplus.esb.client.internal.protocol.SmfPubSub.start(SmfPubSub.java:1398)
	at com.psa.gtosplus.esb.client.internal.protocol.SmfPubSub.restartSMF(SmfPubSub.java:2567)
	at com.psa.gtosplus.esb.client.internal.protocol.SmfPubSub$3.onException(SmfPubSub.java:1344)
	at com.solacesystems.jcsmp.protocol.nio.impl.ConsumerErrorNotification.handleNotification(ConsumerErrorNotification.java:39)
	at com.solacesystems.jcsmp.protocol.nio.impl.ConsumerNotificationDispatcher.eventLoop(ConsumerNotificationDispatcher.java:112)
	at com.solacesystems.jcsmp.protocol.nio.impl.ConsumerNotificationDispatcher.run(ConsumerNotificationDispatcher.java:130)
	at java.base/java.lang.Thread.run(Thread.java:842)
2026-05-14 15:30:11.658 [Context_1_ConsumerDispatcher] ERROR c.p.g.esb.client.internal.protocol.SmfPubSub.onException:1337 - SmfPubSub2 - onException
com.solacesystems.jcsmp.JCSMPErrorResponseException: 503: Unknown Queue
	at com.solacesystems.jcsmp.impl.flow.BindRequestTask.execute(BindRequestTask.java:204)
	at com.solacesystems.jcsmp.impl.flow.SubFlowManagerImpl.handleAssuredCtrlMessage(SubFlowManagerImpl.java:566)
	at com.solacesystems.jcsmp.protocol.impl.TcpClientChannel.handleAssuredCtrlMsg(TcpClientChannel.java:1659)
	at com.solacesystems.jcsmp.protocol.impl.TcpClientChannel.handleMessage(TcpClientChannel.java:1624)
	at com.solacesystems.jcsmp.protocol.nio.impl.SubscriberMessageReader.processRead(SubscriberMessageReader.java:98)
	at com.solacesystems.jcsmp.protocol.nio.impl.SubscriberMessageReader.read(SubscriberMessageReader.java:138)
	at com.solacesystems.jcsmp.protocol.smf.SimpleSmfClient.read(SimpleSmfClient.java:1166)
	at com.solacesystems.jcsmp.protocol.nio.impl.SyncEventDispatcherReactor.processReactorChannels(SyncEventDispatcherReactor.java:206)
	at com.solacesystems.jcsmp.protocol.nio.impl.SyncEventDispatcherReactor.eventLoop(SyncEventDispatcherReactor.java:157)
	at com.solacesystems.jcsmp.protocol.nio.impl.SyncEventDispatcherReactor$SEDReactorThread.run(SyncEventDispatcherReactor.java:338)
	at java.base/java.lang.Thread.run(Thread.java:842)
2026-05-14 15:30:11.658 [Context_1_ConsumerDispatcher] ERROR c.p.g.esb.client.internal.protocol.SmfPubSub.publishMessage:1911 - SmfPubSub - publishMessage
com.solacesystems.jcsmp.ClosedFacilityException: Tried to perform operation on a closed XML message producer
	at com.solacesystems.jcsmp.impl.JCSMPXMLMessageProducer.throwClosedException(JCSMPXMLMessageProducer.java:1465)
	at com.solacesystems.jcsmp.impl.JCSMPXMLMessageProducer.prep_single_send_message_for_publish(JCSMPXMLMessageProducer.java:948)
	at com.solacesystems.jcsmp.impl.JCSMPXMLMessageProducer.sendToDestination(JCSMPXMLMessageProducer.java:847)
	at com.solacesystems.jcsmp.impl.JCSMPXMLMessageProducer.sendToDestination(JCSMPXMLMessageProducer.java:794)
	at com.solacesystems.jcsmp.impl.JCSMPXMLMessageProducer.send(JCSMPXMLMessageProducer.java:614)
	at com.psa.gtosplus.esb.client.internal.protocol.SmfPubSub.publishMessage(SmfPubSub.java:1903)
	at com.psa.gtosplus.esb.client.internal.protocol.SmfPubSub.stop(SmfPubSub.java:1439)
	at com.psa.gtosplus.esb.client.internal.protocol.SmfPubSub.restartSMF(SmfPubSub.java:2565)
	at com.psa.gtosplus.esb.client.internal.protocol.SmfPubSub$3.onException(SmfPubSub.java:1344)
	at com.solacesystems.jcsmp.protocol.nio.impl.ConsumerErrorNotification.handleNotification(ConsumerErrorNotification.java:39)
	at com.solacesystems.jcsmp.protocol.nio.impl.ConsumerNotificationDispatcher.eventLoop(ConsumerNotificationDispatcher.java:112)
	at com.solacesystems.jcsmp.protocol.nio.impl.ConsumerNotificationDispatcher.run(ConsumerNotificationDispatcher.java:130)
	at java.base/java.lang.Thread.run(Thread.java:842)
2026-05-14 15:30:11.692 [Context_1_ConsumerDispatcher] ERROR c.p.g.esb.client.internal.protocol.SmfPubSub.publishMessage:1911 - SmfPubSub - publishMessage
com.solacesystems.jcsmp.ClosedFacilityException: Tried to perform operation on a closed XML message producer
	at com.solacesystems.jcsmp.impl.JCSMPXMLMessageProducer.throwClosedException(JCSMPXMLMessageProducer.java:1465)
	at com.solacesystems.jcsmp.impl.JCSMPXMLMessageProducer.prep_single_send_message_for_publish(JCSMPXMLMessageProducer.java:948)
	at com.solacesystems.jcsmp.impl.JCSMPXMLMessageProducer.sendToDestination(JCSMPXMLMessageProducer.java:847)
	at com.solacesystems.jcsmp.impl.JCSMPXMLMessageProducer.sendToDestination(JCSMPXMLMessageProducer.java:794)
	at com.solacesystems.jcsmp.impl.JCSMPXMLMessageProducer.send(JCSMPXMLMessageProducer.java:614)
	at com.psa.gtosplus.esb.client.internal.protocol.SmfPubSub.publishMessage(SmfPubSub.java:1903)
	at com.psa.gtosplus.esb.client.internal.protocol.SmfPubSub.start(SmfPubSub.java:1398)
	at com.psa.gtosplus.esb.client.internal.protocol.SmfPubSub.restartSMF(SmfPubSub.java:2567)
	at com.psa.gtosplus.esb.client.internal.protocol.SmfPubSub$3.onException(SmfPubSub.java:1344)
	at com.solacesystems.jcsmp.protocol.nio.impl.ConsumerErrorNotification.handleNotification(ConsumerErrorNotification.java:39)
	at com.solacesystems.jcsmp.protocol.nio.impl.ConsumerNotificationDispatcher.eventLoop(ConsumerNotificationDispatcher.java:112)
	at com.solacesystems.jcsmp.protocol.nio.impl.ConsumerNotificationDispatcher.run(ConsumerNotificationDispatcher.java:130)
	at java.base/java.lang.Thread.run(Thread.java:842)
2026-05-14 15:30:11.692 [Context_1_ConsumerDispatcher] ERROR c.p.g.esb.client.internal.protocol.SmfPubSub.onException:1337 - SmfPubSub2 - onException
com.solacesystems.jcsmp.JCSMPErrorResponseException: 503: Unknown Queue
	at com.solacesystems.jcsmp.impl.flow.BindRequestTask.execute(BindRequestTask.java:204)
	at com.solacesystems.jcsmp.impl.flow.SubFlowManagerImpl.handleAssuredCtrlMessage(SubFlowManagerImpl.java:566)
	at com.solacesystems.jcsmp.protocol.impl.TcpClientChannel.handleAssuredCtrlMsg(TcpClientChannel.java:1659)
	at com.solacesystems.jcsmp.protocol.impl.TcpClientChannel.handleMessage(TcpClientChannel.java:1624)
	at com.solacesystems.jcsmp.protocol.nio.impl.SubscriberMessageReader.processRead(SubscriberMessageReader.java:98)
	at com.solacesystems.jcsmp.protocol.nio.impl.SubscriberMessageReader.read(SubscriberMessageReader.java:138)
	at com.solacesystems.jcsmp.protocol.smf.SimpleSmfClient.read(SimpleSmfClient.java:1166)
	at com.solacesystems.jcsmp.protocol.nio.impl.SyncEventDispatcherReactor.processReactorChannels(SyncEventDispatcherReactor.java:206)
	at com.solacesystems.jcsmp.protocol.nio.impl.SyncEventDispatcherReactor.eventLoop(SyncEventDispatcherReactor.java:157)
	at com.solacesystems.jcsmp.protocol.nio.impl.SyncEventDispatcherReactor$SEDReactorThread.run(SyncEventDispatcherReactor.java:338)
	at java.base/java.lang.Thread.run(Thread.java:842)
2026-05-14 15:30:11.692 [Context_1_ConsumerDispatcher] ERROR c.p.g.esb.client.internal.protocol.SmfPubSub.publishMessage:1911 - SmfPubSub - publishMessage
com.solacesystems.jcsmp.ClosedFacilityException: Tried to perform operation on a closed XML message producer
	at com.solacesystems.jcsmp.impl.JCSMPXMLMessageProducer.throwClosedException(JCSMPXMLMessageProducer.java:1465)
	at com.solacesystems.jcsmp.impl.JCSMPXMLMessageProducer.prep_single_send_message_for_publish(JCSMPXMLMessageProducer.java:948)
	at com.solacesystems.jcsmp.impl.JCSMPXMLMessageProducer.sendToDestination(JCSMPXMLMessageProducer.java:847)
	at com.solacesystems.jcsmp.impl.JCSMPXMLMessageProducer.sendToDestination(JCSMPXMLMessageProducer.java:794)
	at com.solacesystems.jcsmp.impl.JCSMPXMLMessageProducer.send(JCSMPXMLMessageProducer.java:614)
	at com.psa.gtosplus.esb.client.internal.protocol.SmfPubSub.publishMessage(SmfPubSub.java:1903)
	at com.psa.gtosplus.esb.client.internal.protocol.SmfPubSub.stop(SmfPubSub.java:1439)
	at com.psa.gtosplus.esb.client.internal.protocol.SmfPubSub.restartSMF(SmfPubSub.java:2565)
	at com.psa.gtosplus.esb.client.internal.protocol.SmfPubSub$3.onException(SmfPubSub.java:1344)
	at com.solacesystems.jcsmp.protocol.nio.impl.ConsumerErrorNotification.handleNotification(ConsumerErrorNotification.java:39)
	at com.solacesystems.jcsmp.protocol.nio.impl.ConsumerNotificationDispatcher.eventLoop(ConsumerNotificationDispatcher.java:112)
	at com.solacesystems.jcsmp.protocol.nio.impl.ConsumerNotificationDispatcher.run(ConsumerNotificationDispatcher.java:130)
	at java.base/java.lang.Thread.run(Thread.java:842)
2026-05-14 15:30:11.723 [Context_1_ConsumerDispatcher] ERROR c.p.g.esb.client.internal.protocol.SmfPubSub.publishMessage:1911 - SmfPubSub - publishMessage
com.solacesystems.jcsmp.ClosedFacilityException: Tried to perform operation on a closed XML message producer
	at com.solacesystems.jcsmp.impl.JCSMPXMLMessageProducer.throwClosedException(JCSMPXMLMessageProducer.java:1465)
	at com.solacesystems.jcsmp.impl.JCSMPXMLMessageProducer.prep_single_send_message_for_publish(JCSMPXMLMessageProducer.java:948)
	at com.solacesystems.jcsmp.impl.JCSMPXMLMessageProducer.sendToDestination(JCSMPXMLMessageProducer.java:847)
	at com.solacesystems.jcsmp.impl.JCSMPXMLMessageProducer.sendToDestination(JCSMPXMLMessageProducer.java:794)
	at com.solacesystems.jcsmp.impl.JCSMPXMLMessageProducer.send(JCSMPXMLMessageProducer.java:614)
	at com.psa.gtosplus.esb.client.internal.protocol.SmfPubSub.publishMessage(SmfPubSub.java:1903)
	at com.psa.gtosplus.esb.client.internal.protocol.SmfPubSub.start(SmfPubSub.java:1398)
	at com.psa.gtosplus.esb.client.internal.protocol.SmfPubSub.restartSMF(SmfPubSub.java:2567)
	at com.psa.gtosplus.esb.client.internal.protocol.SmfPubSub$3.onException(SmfPubSub.java:1344)
	at com.solacesystems.jcsmp.protocol.nio.impl.ConsumerErrorNotification.handleNotification(ConsumerErrorNotification.java:39)
	at com.solacesystems.jcsmp.protocol.nio.impl.ConsumerNotificationDispatcher.eventLoop(ConsumerNotificationDispatcher.java:112)
	at com.solacesystems.jcsmp.protocol.nio.impl.ConsumerNotificationDispatcher.run(ConsumerNotificationDispatcher.java:130)
	at java.base/java.lang.Thread.run(Thread.java:842)
2026-05-14 15:30:11.723 [Context_1_ConsumerDispatcher] ERROR c.p.g.esb.client.internal.protocol.SmfPubSub.onException:1337 - SmfPubSub2 - onException
com.solacesystems.jcsmp.JCSMPErrorResponseException: 503: Unknown Queue
	at com.solacesystems.jcsmp.impl.flow.BindRequestTask.execute(BindRequestTask.java:204)
	at com.solacesystems.jcsmp.impl.flow.SubFlowManagerImpl.handleAssuredCtrlMessage(SubFlowManagerImpl.java:566)
	at com.solacesystems.jcsmp.protocol.impl.TcpClientChannel.handleAssuredCtrlMsg(TcpClientChannel.java:1659)
	at com.solacesystems.jcsmp.protocol.impl.TcpClientChannel.handleMessage(TcpClientChannel.java:1624)
	at com.solacesystems.jcsmp.protocol.nio.impl.SubscriberMessageReader.processRead(SubscriberMessageReader.java:98)
	at com.solacesystems.jcsmp.protocol.nio.impl.SubscriberMessageReader.read(SubscriberMessageReader.java:138)
	at com.solacesystems.jcsmp.protocol.smf.SimpleSmfClient.read(SimpleSmfClient.java:1166)
	at com.solacesystems.jcsmp.protocol.nio.impl.SyncEventDispatcherReactor.processReactorChannels(SyncEventDispatcherReactor.java:206)
	at com.solacesystems.jcsmp.protocol.nio.impl.SyncEventDispatcherReactor.eventLoop(SyncEventDispatcherReactor.java:157)
	at com.solacesystems.jcsmp.protocol.nio.impl.SyncEventDispatcherReactor$SEDReactorThread.run(SyncEventDispatcherReactor.java:338)
	at java.base/java.lang.Thread.run(Thread.java:842)
2026-05-14 15:30:11.723 [Context_1_ConsumerDispatcher] ERROR c.p.g.esb.client.internal.protocol.SmfPubSub.publishMessage:1911 - SmfPubSub - publishMessage
com.solacesystems.jcsmp.ClosedFacilityException: Tried to perform operation on a closed XML message producer
	at com.solacesystems.jcsmp.impl.JCSMPXMLMessageProducer.throwClosedException(JCSMPXMLMessageProducer.java:1465)
	at com.solacesystems.jcsmp.impl.JCSMPXMLMessageProducer.prep_single_send_message_for_publish(JCSMPXMLMessageProducer.java:948)
	at com.solacesystems.jcsmp.impl.JCSMPXMLMessageProducer.sendToDestination(JCSMPXMLMessageProducer.java:847)
	at com.solacesystems.jcsmp.impl.JCSMPXMLMessageProducer.sendToDestination(JCSMPXMLMessageProducer.java:794)
	at com.solacesystems.jcsmp.impl.JCSMPXMLMessageProducer.send(JCSMPXMLMessageProducer.java:614)
	at com.psa.gtosplus.esb.client.internal.protocol.SmfPubSub.publishMessage(SmfPubSub.java:1903)
	at com.psa.gtosplus.esb.client.internal.protocol.SmfPubSub.stop(SmfPubSub.java:1439)
	at com.psa.gtosplus.esb.client.internal.protocol.SmfPubSub.restartSMF(SmfPubSub.java:2565)
	at com.psa.gtosplus.esb.client.internal.protocol.SmfPubSub$3.onException(SmfPubSub.java:1344)
	at com.solacesystems.jcsmp.protocol.nio.impl.ConsumerErrorNotification.handleNotification(ConsumerErrorNotification.java:39)
	at com.solacesystems.jcsmp.protocol.nio.impl.ConsumerNotificationDispatcher.eventLoop(ConsumerNotificationDispatcher.java:112)
	at com.solacesystems.jcsmp.protocol.nio.impl.ConsumerNotificationDispatcher.run(ConsumerNotificationDispatcher.java:130)
	at java.base/java.lang.Thread.run(Thread.java:842)
2026-05-14 15:30:11.762 [Context_1_ConsumerDispatcher] ERROR c.p.g.esb.client.internal.protocol.SmfPubSub.publishMessage:1911 - SmfPubSub - publishMessage
com.solacesystems.jcsmp.ClosedFacilityException: Tried to perform operation on a closed XML message producer
	at com.solacesystems.jcsmp.impl.JCSMPXMLMessageProducer.throwClosedException(JCSMPXMLMessageProducer.java:1465)
	at com.solacesystems.jcsmp.impl.JCSMPXMLMessageProducer.prep_single_send_message_for_publish(JCSMPXMLMessageProducer.java:948)
	at com.solacesystems.jcsmp.impl.JCSMPXMLMessageProducer.sendToDestination(JCSMPXMLMessageProducer.java:847)
	at com.solacesystems.jcsmp.impl.JCSMPXMLMessageProducer.sendToDestination(JCSMPXMLMessageProducer.java:794)
	at com.solacesystems.jcsmp.impl.JCSMPXMLMessageProducer.send(JCSMPXMLMessageProducer.java:614)
	at com.psa.gtosplus.esb.client.internal.protocol.SmfPubSub.publishMessage(SmfPubSub.java:1903)
	at com.psa.gtosplus.esb.client.internal.protocol.SmfPubSub.start(SmfPubSub.java:1398)
	at com.psa.gtosplus.esb.client.internal.protocol.SmfPubSub.restartSMF(SmfPubSub.java:2567)
	at com.psa.gtosplus.esb.client.internal.protocol.SmfPubSub$3.onException(SmfPubSub.java:1344)
	at com.solacesystems.jcsmp.protocol.nio.impl.ConsumerErrorNotification.handleNotification(ConsumerErrorNotification.java:39)
	at com.solacesystems.jcsmp.protocol.nio.impl.ConsumerNotificationDispatcher.eventLoop(ConsumerNotificationDispatcher.java:112)
	at com.solacesystems.jcsmp.protocol.nio.impl.ConsumerNotificationDispatcher.run(ConsumerNotificationDispatcher.java:130)
	at java.base/java.lang.Thread.run(Thread.java:842)
2026-05-14 15:30:11.762 [Context_1_ConsumerDispatcher] ERROR c.p.g.esb.client.internal.protocol.SmfPubSub.onException:1337 - SmfPubSub2 - onException
com.solacesystems.jcsmp.JCSMPErrorResponseException: 503: Unknown Queue
	at com.solacesystems.jcsmp.impl.flow.BindRequestTask.execute(BindRequestTask.java:204)
	at com.solacesystems.jcsmp.impl.flow.SubFlowManagerImpl.handleAssuredCtrlMessage(SubFlowManagerImpl.java:566)
	at com.solacesystems.jcsmp.protocol.impl.TcpClientChannel.handleAssuredCtrlMsg(TcpClientChannel.java:1659)
	at com.solacesystems.jcsmp.protocol.impl.TcpClientChannel.handleMessage(TcpClientChannel.java:1624)
	at com.solacesystems.jcsmp.protocol.nio.impl.SubscriberMessageReader.processRead(SubscriberMessageReader.java:98)
	at com.solacesystems.jcsmp.protocol.nio.impl.SubscriberMessageReader.read(SubscriberMessageReader.java:138)
	at com.solacesystems.jcsmp.protocol.smf.SimpleSmfClient.read(SimpleSmfClient.java:1166)
	at com.solacesystems.jcsmp.protocol.nio.impl.SyncEventDispatcherReactor.processReactorChannels(SyncEventDispatcherReactor.java:206)
	at com.solacesystems.jcsmp.protocol.nio.impl.SyncEventDispatcherReactor.eventLoop(SyncEventDispatcherReactor.java:157)
	at com.solacesystems.jcsmp.protocol.nio.impl.SyncEventDispatcherReactor$SEDReactorThread.run(SyncEventDispatcherReactor.java:338)
	at java.base/java.lang.Thread.run(Thread.java:842)
2026-05-14 15:30:11.762 [Context_1_ConsumerDispatcher] ERROR c.p.g.esb.client.internal.protocol.SmfPubSub.publishMessage:1911 - SmfPubSub - publishMessage
com.solacesystems.jcsmp.ClosedFacilityException: Tried to perform operation on a closed XML message producer
	at com.solacesystems.jcsmp.impl.JCSMPXMLMessageProducer.throwClosedException(JCSMPXMLMessageProducer.java:1465)
	at com.solacesystems.jcsmp.impl.JCSMPXMLMessageProducer.prep_single_send_message_for_publish(JCSMPXMLMessageProducer.java:948)
	at com.solacesystems.jcsmp.impl.JCSMPXMLMessageProducer.sendToDestination(JCSMPXMLMessageProducer.java:847)
	at com.solacesystems.jcsmp.impl.JCSMPXMLMessageProducer.sendToDestination(JCSMPXMLMessageProducer.java:794)
	at com.solacesystems.jcsmp.impl.JCSMPXMLMessageProducer.send(JCSMPXMLMessageProducer.java:614)
	at com.psa.gtosplus.esb.client.internal.protocol.SmfPubSub.publishMessage(SmfPubSub.java:1903)
	at com.psa.gtosplus.esb.client.internal.protocol.SmfPubSub.stop(SmfPubSub.java:1439)
	at com.psa.gtosplus.esb.client.internal.protocol.SmfPubSub.restartSMF(SmfPubSub.java:2565)
	at com.psa.gtosplus.esb.client.internal.protocol.SmfPubSub$3.onException(SmfPubSub.java:1344)
	at com.solacesystems.jcsmp.protocol.nio.impl.ConsumerErrorNotification.handleNotification(ConsumerErrorNotification.java:39)
	at com.solacesystems.jcsmp.protocol.nio.impl.ConsumerNotificationDispatcher.eventLoop(ConsumerNotificationDispatcher.java:112)
	at com.solacesystems.jcsmp.protocol.nio.impl.ConsumerNotificationDispatcher.run(ConsumerNotificationDispatcher.java:130)
	at java.base/java.lang.Thread.run(Thread.java:842)
2026-05-14 15:30:11.786 [main] ERROR c.p.g.esb.client.internal.protocol.SmfPubSub.addSubscription:1752 - SMF addSubscription
com.solacesystems.jcsmp.JCSMPTransportException: Error receiving data from underlying connection.
	at com.solacesystems.jcsmp.protocol.impl.TcpClientChannel.handleException(TcpClientChannel.java:1314)
	at com.solacesystems.jcsmp.protocol.impl.TcpClientChannel.handleException(TcpClientChannel.java:1273)
	at com.solacesystems.jcsmp.protocol.nio.impl.SubscriberMessageReader.handleClosedSocketDuringRead(SubscriberMessageReader.java:197)
	at com.solacesystems.jcsmp.protocol.smf.SimpleSmfClient.handleClosedSocketDuringRead(SimpleSmfClient.java:1159)
	at com.solacesystems.jcsmp.protocol.nio.impl.SyncEventDispatcherReactor.processReactorChannels(SyncEventDispatcherReactor.java:229)
	at com.solacesystems.jcsmp.protocol.nio.impl.SyncEventDispatcherReactor.eventLoop(SyncEventDispatcherReactor.java:157)
	at com.solacesystems.jcsmp.protocol.nio.impl.SyncEventDispatcherReactor$SEDReactorThread.run(SyncEventDispatcherReactor.java:338)
	at java.base/java.lang.Thread.run(Thread.java:842)
Caused by: com.solacesystems.jcsmp.protocol.smf.SmfClientIOException: null
	... 8 common frames omitted
2026-05-14 15:30:11.801 [Context_1_ConsumerDispatcher] ERROR c.p.g.esb.client.internal.protocol.SmfPubSub.onException:1337 - SmfPubSub2 - onException
com.solacesystems.jcsmp.JCSMPErrorResponseException: 503: Unknown Queue
	at com.solacesystems.jcsmp.impl.flow.BindRequestTask.execute(BindRequestTask.java:204)
	at com.solacesystems.jcsmp.impl.flow.SubFlowManagerImpl.handleAssuredCtrlMessage(SubFlowManagerImpl.java:566)
	at com.solacesystems.jcsmp.protocol.impl.TcpClientChannel.handleAssuredCtrlMsg(TcpClientChannel.java:1659)
	at com.solacesystems.jcsmp.protocol.impl.TcpClientChannel.handleMessage(TcpClientChannel.java:1624)
	at com.solacesystems.jcsmp.protocol.nio.impl.SubscriberMessageReader.processRead(SubscriberMessageReader.java:98)
	at com.solacesystems.jcsmp.protocol.nio.impl.SubscriberMessageReader.read(SubscriberMessageReader.java:138)
	at com.solacesystems.jcsmp.protocol.smf.SimpleSmfClient.read(SimpleSmfClient.java:1166)
	at com.solacesystems.jcsmp.protocol.nio.impl.SyncEventDispatcherReactor.processReactorChannels(SyncEventDispatcherReactor.java:206)
	at com.solacesystems.jcsmp.protocol.nio.impl.SyncEventDispatcherReactor.eventLoop(SyncEventDispatcherReactor.java:157)
	at com.solacesystems.jcsmp.protocol.nio.impl.SyncEventDispatcherReactor$SEDReactorThread.run(SyncEventDispatcherReactor.java:338)
	at java.base/java.lang.Thread.run(Thread.java:842)
2026-05-14 15:30:11.829 [Context_1_ConsumerDispatcher] ERROR c.p.g.esb.client.internal.protocol.SmfPubSub.publishMessage:1911 - SmfPubSub - publishMessage
com.solacesystems.jcsmp.ClosedFacilityException: Tried to perform operation on a closed XML message producer
	at com.solacesystems.jcsmp.impl.JCSMPXMLMessageProducer.throwClosedException(JCSMPXMLMessageProducer.java:1465)
	at com.solacesystems.jcsmp.impl.JCSMPXMLMessageProducer.prep_single_send_message_for_publish(JCSMPXMLMessageProducer.java:948)
	at com.solacesystems.jcsmp.impl.JCSMPXMLMessageProducer.sendToDestination(JCSMPXMLMessageProducer.java:847)
	at com.solacesystems.jcsmp.impl.JCSMPXMLMessageProducer.sendToDestination(JCSMPXMLMessageProducer.java:794)
	at com.solacesystems.jcsmp.impl.JCSMPXMLMessageProducer.send(JCSMPXMLMessageProducer.java:614)
	at com.psa.gtosplus.esb.client.internal.protocol.SmfPubSub.publishMessage(SmfPubSub.java:1903)
	at com.psa.gtosplus.esb.client.internal.protocol.SmfPubSub.start(SmfPubSub.java:1398)
	at com.psa.gtosplus.esb.client.internal.protocol.SmfPubSub.restartSMF(SmfPubSub.java:2567)
	at com.psa.gtosplus.esb.client.internal.protocol.SmfPubSub$3.onException(SmfPubSub.java:1344)
	at com.solacesystems.jcsmp.protocol.nio.impl.ConsumerErrorNotification.handleNotification(ConsumerErrorNotification.java:39)
	at com.solacesystems.jcsmp.protocol.nio.impl.ConsumerNotificationDispatcher.eventLoop(ConsumerNotificationDispatcher.java:112)
	at com.solacesystems.jcsmp.protocol.nio.impl.ConsumerNotificationDispatcher.run(ConsumerNotificationDispatcher.java:130)
	at java.base/java.lang.Thread.run(Thread.java:842)
2026-05-14 15:30:11.829 [Context_1_ConsumerDispatcher] ERROR c.p.g.esb.client.internal.protocol.SmfPubSub.onException:1337 - SmfPubSub2 - onException
com.solacesystems.jcsmp.JCSMPErrorResponseException: 503: Unknown Queue
	at com.solacesystems.jcsmp.impl.flow.BindRequestTask.execute(BindRequestTask.java:204)
	at com.solacesystems.jcsmp.impl.flow.SubFlowManagerImpl.handleAssuredCtrlMessage(SubFlowManagerImpl.java:566)
	at com.solacesystems.jcsmp.protocol.impl.TcpClientChannel.handleAssuredCtrlMsg(TcpClientChannel.java:1659)
	at com.solacesystems.jcsmp.protocol.impl.TcpClientChannel.handleMessage(TcpClientChannel.java:1624)
	at com.solacesystems.jcsmp.protocol.nio.impl.SubscriberMessageReader.processRead(SubscriberMessageReader.java:98)
	at com.solacesystems.jcsmp.protocol.nio.impl.SubscriberMessageReader.read(SubscriberMessageReader.java:138)
	at com.solacesystems.jcsmp.protocol.smf.SimpleSmfClient.read(SimpleSmfClient.java:1166)
	at com.solacesystems.jcsmp.protocol.nio.impl.SyncEventDispatcherReactor.processReactorChannels(SyncEventDispatcherReactor.java:206)
	at com.solacesystems.jcsmp.protocol.nio.impl.SyncEventDispatcherReactor.eventLoop(SyncEventDispatcherReactor.java:157)
	at com.solacesystems.jcsmp.protocol.nio.impl.SyncEventDispatcherReactor$SEDReactorThread.run(SyncEventDispatcherReactor.java:338)
	at java.base/java.lang.Thread.run(Thread.java:842)
2026-05-14 15:30:11.831 [Context_1_ConsumerDispatcher] ERROR c.p.g.esb.client.internal.protocol.SmfPubSub.publishMessage:1911 - SmfPubSub - publishMessage
com.solacesystems.jcsmp.ClosedFacilityException: Tried to perform operation on a closed XML message producer
	at com.solacesystems.jcsmp.impl.JCSMPXMLMessageProducer.throwClosedException(JCSMPXMLMessageProducer.java:1465)
	at com.solacesystems.jcsmp.impl.JCSMPXMLMessageProducer.prep_single_send_message_for_publish(JCSMPXMLMessageProducer.java:948)
	at com.solacesystems.jcsmp.impl.JCSMPXMLMessageProducer.sendToDestination(JCSMPXMLMessageProducer.java:847)
	at com.solacesystems.jcsmp.impl.JCSMPXMLMessageProducer.sendToDestination(JCSMPXMLMessageProducer.java:794)
	at com.solacesystems.jcsmp.impl.JCSMPXMLMessageProducer.send(JCSMPXMLMessageProducer.java:614)
	at com.psa.gtosplus.esb.client.internal.protocol.SmfPubSub.publishMessage(SmfPubSub.java:1903)
	at com.psa.gtosplus.esb.client.internal.protocol.SmfPubSub.stop(SmfPubSub.java:1439)
	at com.psa.gtosplus.esb.client.internal.protocol.SmfPubSub.restartSMF(SmfPubSub.java:2565)
	at com.psa.gtosplus.esb.client.internal.protocol.SmfPubSub$3.onException(SmfPubSub.java:1344)
	at com.solacesystems.jcsmp.protocol.nio.impl.ConsumerErrorNotification.handleNotification(ConsumerErrorNotification.java:39)
	at com.solacesystems.jcsmp.protocol.nio.impl.ConsumerNotificationDispatcher.eventLoop(ConsumerNotificationDispatcher.java:112)
	at com.solacesystems.jcsmp.protocol.nio.impl.ConsumerNotificationDispatcher.run(ConsumerNotificationDispatcher.java:130)
	at java.base/java.lang.Thread.run(Thread.java:842)
2026-05-14 15:30:11.850 [Context_1_ConsumerDispatcher] ERROR c.p.g.esb.client.internal.protocol.SmfPubSub.publishMessage:1911 - SmfPubSub - publishMessage
com.solacesystems.jcsmp.ClosedFacilityException: Tried to perform operation on a closed XML message producer
	at com.solacesystems.jcsmp.impl.JCSMPXMLMessageProducer.throwClosedException(JCSMPXMLMessageProducer.java:1465)
	at com.solacesystems.jcsmp.impl.JCSMPXMLMessageProducer.prep_single_send_message_for_publish(JCSMPXMLMessageProducer.java:948)
	at com.solacesystems.jcsmp.impl.JCSMPXMLMessageProducer.sendToDestination(JCSMPXMLMessageProducer.java:847)
	at com.solacesystems.jcsmp.impl.JCSMPXMLMessageProducer.sendToDestination(JCSMPXMLMessageProducer.java:794)
	at com.solacesystems.jcsmp.impl.JCSMPXMLMessageProducer.send(JCSMPXMLMessageProducer.java:614)
	at com.psa.gtosplus.esb.client.internal.protocol.SmfPubSub.publishMessage(SmfPubSub.java:1903)
	at com.psa.gtosplus.esb.client.internal.protocol.SmfPubSub.start(SmfPubSub.java:1398)
	at com.psa.gtosplus.esb.client.internal.protocol.SmfPubSub.restartSMF(SmfPubSub.java:2567)
	at com.psa.gtosplus.esb.client.internal.protocol.SmfPubSub$3.onException(SmfPubSub.java:1344)
	at com.solacesystems.jcsmp.protocol.nio.impl.ConsumerErrorNotification.handleNotification(ConsumerErrorNotification.java:39)
	at com.solacesystems.jcsmp.protocol.nio.impl.ConsumerNotificationDispatcher.eventLoop(ConsumerNotificationDispatcher.java:112)
	at com.solacesystems.jcsmp.protocol.nio.impl.ConsumerNotificationDispatcher.run(ConsumerNotificationDispatcher.java:130)
	at java.base/java.lang.Thread.run(Thread.java:842)
2026-05-14 15:30:11.850 [Context_1_ConsumerDispatcher] ERROR c.p.g.esb.client.internal.protocol.SmfPubSub.onException:1337 - SmfPubSub2 - onException
com.solacesystems.jcsmp.JCSMPErrorResponseException: 503: Unknown Queue
	at com.solacesystems.jcsmp.impl.flow.BindRequestTask.execute(BindRequestTask.java:204)
	at com.solacesystems.jcsmp.impl.flow.SubFlowManagerImpl.handleAssuredCtrlMessage(SubFlowManagerImpl.java:566)
	at com.solacesystems.jcsmp.protocol.impl.TcpClientChannel.handleAssuredCtrlMsg(TcpClientChannel.java:1659)
	at com.solacesystems.jcsmp.protocol.impl.TcpClientChannel.handleMessage(TcpClientChannel.java:1624)
	at com.solacesystems.jcsmp.protocol.nio.impl.SubscriberMessageReader.processRead(SubscriberMessageReader.java:98)
	at com.solacesystems.jcsmp.protocol.nio.impl.SubscriberMessageReader.read(SubscriberMessageReader.java:138)
	at com.solacesystems.jcsmp.protocol.smf.SimpleSmfClient.read(SimpleSmfClient.java:1166)
	at com.solacesystems.jcsmp.protocol.nio.impl.SyncEventDispatcherReactor.processReactorChannels(SyncEventDispatcherReactor.java:206)
	at com.solacesystems.jcsmp.protocol.nio.impl.SyncEventDispatcherReactor.eventLoop(SyncEventDispatcherReactor.java:157)
	at com.solacesystems.jcsmp.protocol.nio.impl.SyncEventDispatcherReactor$SEDReactorThread.run(SyncEventDispatcherReactor.java:338)
	at java.base/java.lang.Thread.run(Thread.java:842)
2026-05-14 15:30:11.850 [Context_1_ConsumerDispatcher] ERROR c.p.g.esb.client.internal.protocol.SmfPubSub.publishMessage:1911 - SmfPubSub - publishMessage
com.solacesystems.jcsmp.ClosedFacilityException: Tried to perform operation on a closed XML message producer
	at com.solacesystems.jcsmp.impl.JCSMPXMLMessageProducer.throwClosedException(JCSMPXMLMessageProducer.java:1465)
	at com.solacesystems.jcsmp.impl.JCSMPXMLMessageProducer.prep_single_send_message_for_publish(JCSMPXMLMessageProducer.java:948)
	at com.solacesystems.jcsmp.impl.JCSMPXMLMessageProducer.sendToDestination(JCSMPXMLMessageProducer.java:847)
	at com.solacesystems.jcsmp.impl.JCSMPXMLMessageProducer.sendToDestination(JCSMPXMLMessageProducer.java:794)
	at com.solacesystems.jcsmp.impl.JCSMPXMLMessageProducer.send(JCSMPXMLMessageProducer.java:614)
	at com.psa.gtosplus.esb.client.internal.protocol.SmfPubSub.publishMessage(SmfPubSub.java:1903)
	at com.psa.gtosplus.esb.client.internal.protocol.SmfPubSub.stop(SmfPubSub.java:1439)
	at com.psa.gtosplus.esb.client.internal.protocol.SmfPubSub.restartSMF(SmfPubSub.java:2565)
	at com.psa.gtosplus.esb.client.internal.protocol.SmfPubSub$3.onException(SmfPubSub.java:1344)
	at com.solacesystems.jcsmp.protocol.nio.impl.ConsumerErrorNotification.handleNotification(ConsumerErrorNotification.java:39)
	at com.solacesystems.jcsmp.protocol.nio.impl.ConsumerNotificationDispatcher.eventLoop(ConsumerNotificationDispatcher.java:112)
	at com.solacesystems.jcsmp.protocol.nio.impl.ConsumerNotificationDispatcher.run(ConsumerNotificationDispatcher.java:130)
	at java.base/java.lang.Thread.run(Thread.java:842)
2026-05-14 15:30:11.881 [Context_1_ConsumerDispatcher] ERROR c.p.g.esb.client.internal.protocol.SmfPubSub.publishMessage:1911 - SmfPubSub - publishMessage
com.solacesystems.jcsmp.ClosedFacilityException: Tried to perform operation on a closed XML message producer
	at com.solacesystems.jcsmp.impl.JCSMPXMLMessageProducer.throwClosedException(JCSMPXMLMessageProducer.java:1465)
	at com.solacesystems.jcsmp.impl.JCSMPXMLMessageProducer.prep_single_send_message_for_publish(JCSMPXMLMessageProducer.java:948)
	at com.solacesystems.jcsmp.impl.JCSMPXMLMessageProducer.sendToDestination(JCSMPXMLMessageProducer.java:847)
	at com.solacesystems.jcsmp.impl.JCSMPXMLMessageProducer.sendToDestination(JCSMPXMLMessageProducer.java:794)
	at com.solacesystems.jcsmp.impl.JCSMPXMLMessageProducer.send(JCSMPXMLMessageProducer.java:614)
	at com.psa.gtosplus.esb.client.internal.protocol.SmfPubSub.publishMessage(SmfPubSub.java:1903)
	at com.psa.gtosplus.esb.client.internal.protocol.SmfPubSub.start(SmfPubSub.java:1398)
	at com.psa.gtosplus.esb.client.internal.protocol.SmfPubSub.restartSMF(SmfPubSub.java:2567)
	at com.psa.gtosplus.esb.client.internal.protocol.SmfPubSub$3.onException(SmfPubSub.java:1344)
	at com.solacesystems.jcsmp.protocol.nio.impl.ConsumerErrorNotification.handleNotification(ConsumerErrorNotification.java:39)
	at com.solacesystems.jcsmp.protocol.nio.impl.ConsumerNotificationDispatcher.eventLoop(ConsumerNotificationDispatcher.java:112)
	at com.solacesystems.jcsmp.protocol.nio.impl.ConsumerNotificationDispatcher.run(ConsumerNotificationDispatcher.java:130)
	at java.base/java.lang.Thread.run(Thread.java:842)
2026-05-14 15:30:11.881 [Context_1_ConsumerDispatcher] ERROR c.p.g.esb.client.internal.protocol.SmfPubSub.onException:1337 - SmfPubSub2 - onException
com.solacesystems.jcsmp.JCSMPErrorResponseException: 503: Unknown Queue
	at com.solacesystems.jcsmp.impl.flow.BindRequestTask.execute(BindRequestTask.java:204)
	at com.solacesystems.jcsmp.impl.flow.SubFlowManagerImpl.handleAssuredCtrlMessage(SubFlowManagerImpl.java:566)
	at com.solacesystems.jcsmp.protocol.impl.TcpClientChannel.handleAssuredCtrlMsg(TcpClientChannel.java:1659)
	at com.solacesystems.jcsmp.protocol.impl.TcpClientChannel.handleMessage(TcpClientChannel.java:1624)
	at com.solacesystems.jcsmp.protocol.nio.impl.SubscriberMessageReader.processRead(SubscriberMessageReader.java:98)
	at com.solacesystems.jcsmp.protocol.nio.impl.SubscriberMessageReader.read(SubscriberMessageReader.java:138)
	at com.solacesystems.jcsmp.protocol.smf.SimpleSmfClient.read(SimpleSmfClient.java:1166)
	at com.solacesystems.jcsmp.protocol.nio.impl.SyncEventDispatcherReactor.processReactorChannels(SyncEventDispatcherReactor.java:206)
	at com.solacesystems.jcsmp.protocol.nio.impl.SyncEventDispatcherReactor.eventLoop(SyncEventDispatcherReactor.java:157)
	at com.solacesystems.jcsmp.protocol.nio.impl.SyncEventDispatcherReactor$SEDReactorThread.run(SyncEventDispatcherReactor.java:338)
	at java.base/java.lang.Thread.run(Thread.java:842)
2026-05-14 15:30:11.881 [Context_1_ConsumerDispatcher] ERROR c.p.g.esb.client.internal.protocol.SmfPubSub.publishMessage:1911 - SmfPubSub - publishMessage
com.solacesystems.jcsmp.ClosedFacilityException: Tried to perform operation on a closed XML message producer
	at com.solacesystems.jcsmp.impl.JCSMPXMLMessageProducer.throwClosedException(JCSMPXMLMessageProducer.java:1465)
	at com.solacesystems.jcsmp.impl.JCSMPXMLMessageProducer.prep_single_send_message_for_publish(JCSMPXMLMessageProducer.java:948)
	at com.solacesystems.jcsmp.impl.JCSMPXMLMessageProducer.sendToDestination(JCSMPXMLMessageProducer.java:847)
	at com.solacesystems.jcsmp.impl.JCSMPXMLMessageProducer.sendToDestination(JCSMPXMLMessageProducer.java:794)
	at com.solacesystems.jcsmp.impl.JCSMPXMLMessageProducer.send(JCSMPXMLMessageProducer.java:614)
	at com.psa.gtosplus.esb.client.internal.protocol.SmfPubSub.publishMessage(SmfPubSub.java:1903)
	at com.psa.gtosplus.esb.client.internal.protocol.SmfPubSub.stop(SmfPubSub.java:1439)
	at com.psa.gtosplus.esb.client.internal.protocol.SmfPubSub.restartSMF(SmfPubSub.java:2565)
	at com.psa.gtosplus.esb.client.internal.protocol.SmfPubSub$3.onException(SmfPubSub.java:1344)
	at com.solacesystems.jcsmp.protocol.nio.impl.ConsumerErrorNotification.handleNotification(ConsumerErrorNotification.java:39)
	at com.solacesystems.jcsmp.protocol.nio.impl.ConsumerNotificationDispatcher.eventLoop(ConsumerNotificationDispatcher.java:112)
	at com.solacesystems.jcsmp.protocol.nio.impl.ConsumerNotificationDispatcher.run(ConsumerNotificationDispatcher.java:130)
	at java.base/java.lang.Thread.run(Thread.java:842)
2026-05-14 15:30:11.912 [Context_1_ConsumerDispatcher] ERROR c.p.g.esb.client.internal.protocol.SmfPubSub.publishMessage:1911 - SmfPubSub - publishMessage
com.solacesystems.jcsmp.ClosedFacilityException: Tried to perform operation on a closed XML message producer
	at com.solacesystems.jcsmp.impl.JCSMPXMLMessageProducer.throwClosedException(JCSMPXMLMessageProducer.java:1465)
	at com.solacesystems.jcsmp.impl.JCSMPXMLMessageProducer.prep_single_send_message_for_publish(JCSMPXMLMessageProducer.java:948)
	at com.solacesystems.jcsmp.impl.JCSMPXMLMessageProducer.sendToDestination(JCSMPXMLMessageProducer.java:847)
	at com.solacesystems.jcsmp.impl.JCSMPXMLMessageProducer.sendToDestination(JCSMPXMLMessageProducer.java:794)
	at com.solacesystems.jcsmp.impl.JCSMPXMLMessageProducer.send(JCSMPXMLMessageProducer.java:614)
	at com.psa.gtosplus.esb.client.internal.protocol.SmfPubSub.publishMessage(SmfPubSub.java:1903)
	at com.psa.gtosplus.esb.client.internal.protocol.SmfPubSub.start(SmfPubSub.java:1398)
	at com.psa.gtosplus.esb.client.internal.protocol.SmfPubSub.restartSMF(SmfPubSub.java:2567)
	at com.psa.gtosplus.esb.client.internal.protocol.SmfPubSub$3.onException(SmfPubSub.java:1344)
	at com.solacesystems.jcsmp.protocol.nio.impl.ConsumerErrorNotification.handleNotification(ConsumerErrorNotification.java:39)
	at com.solacesystems.jcsmp.protocol.nio.impl.ConsumerNotificationDispatcher.eventLoop(ConsumerNotificationDispatcher.java:112)
	at com.solacesystems.jcsmp.protocol.nio.impl.ConsumerNotificationDispatcher.run(ConsumerNotificationDispatcher.java:130)
	at java.base/java.lang.Thread.run(Thread.java:842)
2026-05-14 15:30:11.912 [Context_1_ConsumerDispatcher] ERROR c.p.g.esb.client.internal.protocol.SmfPubSub.onException:1337 - SmfPubSub2 - onException
com.solacesystems.jcsmp.JCSMPErrorResponseException: 503: Unknown Queue
	at com.solacesystems.jcsmp.impl.flow.BindRequestTask.execute(BindRequestTask.java:204)
	at com.solacesystems.jcsmp.impl.flow.SubFlowManagerImpl.handleAssuredCtrlMessage(SubFlowManagerImpl.java:566)
	at com.solacesystems.jcsmp.protocol.impl.TcpClientChannel.handleAssuredCtrlMsg(TcpClientChannel.java:1659)
	at com.solacesystems.jcsmp.protocol.impl.TcpClientChannel.handleMessage(TcpClientChannel.java:1624)
	at com.solacesystems.jcsmp.protocol.nio.impl.SubscriberMessageReader.processRead(SubscriberMessageReader.java:98)
	at com.solacesystems.jcsmp.protocol.nio.impl.SubscriberMessageReader.read(SubscriberMessageReader.java:138)
	at com.solacesystems.jcsmp.protocol.smf.SimpleSmfClient.read(SimpleSmfClient.java:1166)
	at com.solacesystems.jcsmp.protocol.nio.impl.SyncEventDispatcherReactor.processReactorChannels(SyncEventDispatcherReactor.java:206)
	at com.solacesystems.jcsmp.protocol.nio.impl.SyncEventDispatcherReactor.eventLoop(SyncEventDispatcherReactor.java:157)
	at com.solacesystems.jcsmp.protocol.nio.impl.SyncEventDispatcherReactor$SEDReactorThread.run(SyncEventDispatcherReactor.java:338)
	at java.base/java.lang.Thread.run(Thread.java:842)
2026-05-14 15:30:11.912 [Context_1_ConsumerDispatcher] ERROR c.p.g.esb.client.internal.protocol.SmfPubSub.publishMessage:1911 - SmfPubSub - publishMessage
com.solacesystems.jcsmp.ClosedFacilityException: Tried to perform operation on a closed XML message producer
	at com.solacesystems.jcsmp.impl.JCSMPXMLMessageProducer.throwClosedException(JCSMPXMLMessageProducer.java:1465)
	at com.solacesystems.jcsmp.impl.JCSMPXMLMessageProducer.prep_single_send_message_for_publish(JCSMPXMLMessageProducer.java:948)
	at com.solacesystems.jcsmp.impl.JCSMPXMLMessageProducer.sendToDestination(JCSMPXMLMessageProducer.java:847)
	at com.solacesystems.jcsmp.impl.JCSMPXMLMessageProducer.sendToDestination(JCSMPXMLMessageProducer.java:794)
	at com.solacesystems.jcsmp.impl.JCSMPXMLMessageProducer.send(JCSMPXMLMessageProducer.java:614)
	at com.psa.gtosplus.esb.client.internal.protocol.SmfPubSub.publishMessage(SmfPubSub.java:1903)
	at com.psa.gtosplus.esb.client.internal.protocol.SmfPubSub.stop(SmfPubSub.java:1439)
	at com.psa.gtosplus.esb.client.internal.protocol.SmfPubSub.restartSMF(SmfPubSub.java:2565)
	at com.psa.gtosplus.esb.client.internal.protocol.SmfPubSub$3.onException(SmfPubSub.java:1344)
	at com.solacesystems.jcsmp.protocol.nio.impl.ConsumerErrorNotification.handleNotification(ConsumerErrorNotification.java:39)
	at com.solacesystems.jcsmp.protocol.nio.impl.ConsumerNotificationDispatcher.eventLoop(ConsumerNotificationDispatcher.java:112)
	at com.solacesystems.jcsmp.protocol.nio.impl.ConsumerNotificationDispatcher.run(ConsumerNotificationDispatcher.java:130)
	at java.base/java.lang.Thread.run(Thread.java:842)
2026-05-14 15:30:11.944 [Context_1_ConsumerDispatcher] ERROR c.p.g.esb.client.internal.protocol.SmfPubSub.publishMessage:1911 - SmfPubSub - publishMessage
com.solacesystems.jcsmp.ClosedFacilityException: Tried to perform operation on a closed XML message producer
	at com.solacesystems.jcsmp.impl.JCSMPXMLMessageProducer.throwClosedException(JCSMPXMLMessageProducer.java:1465)
	at com.solacesystems.jcsmp.impl.JCSMPXMLMessageProducer.prep_single_send_message_for_publish(JCSMPXMLMessageProducer.java:948)
	at com.solacesystems.jcsmp.impl.JCSMPXMLMessageProducer.sendToDestination(JCSMPXMLMessageProducer.java:847)
	at com.solacesystems.jcsmp.impl.JCSMPXMLMessageProducer.sendToDestination(JCSMPXMLMessageProducer.java:794)
	at com.solacesystems.jcsmp.impl.JCSMPXMLMessageProducer.send(JCSMPXMLMessageProducer.java:614)
	at com.psa.gtosplus.esb.client.internal.protocol.SmfPubSub.publishMessage(SmfPubSub.java:1903)
	at com.psa.gtosplus.esb.client.internal.protocol.SmfPubSub.start(SmfPubSub.java:1398)
	at com.psa.gtosplus.esb.client.internal.protocol.SmfPubSub.restartSMF(SmfPubSub.java:2567)
	at com.psa.gtosplus.esb.client.internal.protocol.SmfPubSub$3.onException(SmfPubSub.java:1344)
	at com.solacesystems.jcsmp.protocol.nio.impl.ConsumerErrorNotification.handleNotification(ConsumerErrorNotification.java:39)
	at com.solacesystems.jcsmp.protocol.nio.impl.ConsumerNotificationDispatcher.eventLoop(ConsumerNotificationDispatcher.java:112)
	at com.solacesystems.jcsmp.protocol.nio.impl.ConsumerNotificationDispatcher.run(ConsumerNotificationDispatcher.java:130)
	at java.base/java.lang.Thread.run(Thread.java:842)
2026-05-14 15:30:11.944 [Context_1_ConsumerDispatcher] ERROR c.p.g.esb.client.internal.protocol.SmfPubSub.onException:1337 - SmfPubSub2 - onException
com.solacesystems.jcsmp.JCSMPErrorResponseException: 503: Unknown Queue
	at com.solacesystems.jcsmp.impl.flow.BindRequestTask.execute(BindRequestTask.java:204)
	at com.solacesystems.jcsmp.impl.flow.SubFlowManagerImpl.handleAssuredCtrlMessage(SubFlowManagerImpl.java:566)
	at com.solacesystems.jcsmp.protocol.impl.TcpClientChannel.handleAssuredCtrlMsg(TcpClientChannel.java:1659)
	at com.solacesystems.jcsmp.protocol.impl.TcpClientChannel.handleMessage(TcpClientChannel.java:1624)
	at com.solacesystems.jcsmp.protocol.nio.impl.SubscriberMessageReader.processRead(SubscriberMessageReader.java:98)
	at com.solacesystems.jcsmp.protocol.nio.impl.SubscriberMessageReader.read(SubscriberMessageReader.java:138)
	at com.solacesystems.jcsmp.protocol.smf.SimpleSmfClient.read(SimpleSmfClient.java:1166)
	at com.solacesystems.jcsmp.protocol.nio.impl.SyncEventDispatcherReactor.processReactorChannels(SyncEventDispatcherReactor.java:206)
	at com.solacesystems.jcsmp.protocol.nio.impl.SyncEventDispatcherReactor.eventLoop(SyncEventDispatcherReactor.java:157)
	at com.solacesystems.jcsmp.protocol.nio.impl.SyncEventDispatcherReactor$SEDReactorThread.run(SyncEventDispatcherReactor.java:338)
	at java.base/java.lang.Thread.run(Thread.java:842)
2026-05-14 15:30:11.944 [Context_1_ConsumerDispatcher] ERROR c.p.g.esb.client.internal.protocol.SmfPubSub.publishMessage:1911 - SmfPubSub - publishMessage
com.solacesystems.jcsmp.ClosedFacilityException: Tried to perform operation on a closed XML message producer
	at com.solacesystems.jcsmp.impl.JCSMPXMLMessageProducer.throwClosedException(JCSMPXMLMessageProducer.java:1465)
	at com.solacesystems.jcsmp.impl.JCSMPXMLMessageProducer.prep_single_send_message_for_publish(JCSMPXMLMessageProducer.java:948)
	at com.solacesystems.jcsmp.impl.JCSMPXMLMessageProducer.sendToDestination(JCSMPXMLMessageProducer.java:847)
	at com.solacesystems.jcsmp.impl.JCSMPXMLMessageProducer.sendToDestination(JCSMPXMLMessageProducer.java:794)
	at com.solacesystems.jcsmp.impl.JCSMPXMLMessageProducer.send(JCSMPXMLMessageProducer.java:614)
	at com.psa.gtosplus.esb.client.internal.protocol.SmfPubSub.publishMessage(SmfPubSub.java:1903)
	at com.psa.gtosplus.esb.client.internal.protocol.SmfPubSub.stop(SmfPubSub.java:1439)
	at com.psa.gtosplus.esb.client.internal.protocol.SmfPubSub.restartSMF(SmfPubSub.java:2565)
	at com.psa.gtosplus.esb.client.internal.protocol.SmfPubSub$3.onException(SmfPubSub.java:1344)
	at com.solacesystems.jcsmp.protocol.nio.impl.ConsumerErrorNotification.handleNotification(ConsumerErrorNotification.java:39)
	at com.solacesystems.jcsmp.protocol.nio.impl.ConsumerNotificationDispatcher.eventLoop(ConsumerNotificationDispatcher.java:112)
	at com.solacesystems.jcsmp.protocol.nio.impl.ConsumerNotificationDispatcher.run(ConsumerNotificationDispatcher.java:130)
	at java.base/java.lang.Thread.run(Thread.java:842)
2026-05-14 15:30:11.978 [Context_1_ConsumerDispatcher] ERROR c.p.g.esb.client.internal.protocol.SmfPubSub.publishMessage:1911 - SmfPubSub - publishMessage
com.solacesystems.jcsmp.ClosedFacilityException: Tried to perform operation on a closed XML message producer
	at com.solacesystems.jcsmp.impl.JCSMPXMLMessageProducer.throwClosedException(JCSMPXMLMessageProducer.java:1465)
	at com.solacesystems.jcsmp.impl.JCSMPXMLMessageProducer.prep_single_send_message_for_publish(JCSMPXMLMessageProducer.java:948)
	at com.solacesystems.jcsmp.impl.JCSMPXMLMessageProducer.sendToDestination(JCSMPXMLMessageProducer.java:847)
	at com.solacesystems.jcsmp.impl.JCSMPXMLMessageProducer.sendToDestination(JCSMPXMLMessageProducer.java:794)
	at com.solacesystems.jcsmp.impl.JCSMPXMLMessageProducer.send(JCSMPXMLMessageProducer.java:614)
	at com.psa.gtosplus.esb.client.internal.protocol.SmfPubSub.publishMessage(SmfPubSub.java:1903)
	at com.psa.gtosplus.esb.client.internal.protocol.SmfPubSub.start(SmfPubSub.java:1398)
	at com.psa.gtosplus.esb.client.internal.protocol.SmfPubSub.restartSMF(SmfPubSub.java:2567)
	at com.psa.gtosplus.esb.client.internal.protocol.SmfPubSub$3.onException(SmfPubSub.java:1344)
	at com.solacesystems.jcsmp.protocol.nio.impl.ConsumerErrorNotification.handleNotification(ConsumerErrorNotification.java:39)
	at com.solacesystems.jcsmp.protocol.nio.impl.ConsumerNotificationDispatcher.eventLoop(ConsumerNotificationDispatcher.java:112)
	at com.solacesystems.jcsmp.protocol.nio.impl.ConsumerNotificationDispatcher.run(ConsumerNotificationDispatcher.java:130)
	at java.base/java.lang.Thread.run(Thread.java:842)
2026-05-14 15:30:11.978 [Context_1_ConsumerDispatcher] ERROR c.p.g.esb.client.internal.protocol.SmfPubSub.onException:1337 - SmfPubSub2 - onException
com.solacesystems.jcsmp.JCSMPErrorResponseException: 503: Unknown Queue
	at com.solacesystems.jcsmp.impl.flow.BindRequestTask.execute(BindRequestTask.java:204)
	at com.solacesystems.jcsmp.impl.flow.SubFlowManagerImpl.handleAssuredCtrlMessage(SubFlowManagerImpl.java:566)
	at com.solacesystems.jcsmp.protocol.impl.TcpClientChannel.handleAssuredCtrlMsg(TcpClientChannel.java:1659)
	at com.solacesystems.jcsmp.protocol.impl.TcpClientChannel.handleMessage(TcpClientChannel.java:1624)
	at com.solacesystems.jcsmp.protocol.nio.impl.SubscriberMessageReader.processRead(SubscriberMessageReader.java:98)
	at com.solacesystems.jcsmp.protocol.nio.impl.SubscriberMessageReader.read(SubscriberMessageReader.java:138)
	at com.solacesystems.jcsmp.protocol.smf.SimpleSmfClient.read(SimpleSmfClient.java:1166)
	at com.solacesystems.jcsmp.protocol.nio.impl.SyncEventDispatcherReactor.processReactorChannels(SyncEventDispatcherReactor.java:206)
	at com.solacesystems.jcsmp.protocol.nio.impl.SyncEventDispatcherReactor.eventLoop(SyncEventDispatcherReactor.java:157)
	at com.solacesystems.jcsmp.protocol.nio.impl.SyncEventDispatcherReactor$SEDReactorThread.run(SyncEventDispatcherReactor.java:338)
	at java.base/java.lang.Thread.run(Thread.java:842)
2026-05-14 15:30:11.978 [Context_1_ConsumerDispatcher] ERROR c.p.g.esb.client.internal.protocol.SmfPubSub.publishMessage:1911 - SmfPubSub - publishMessage
com.solacesystems.jcsmp.ClosedFacilityException: Tried to perform operation on a closed XML message producer
	at com.solacesystems.jcsmp.impl.JCSMPXMLMessageProducer.throwClosedException(JCSMPXMLMessageProducer.java:1465)
	at com.solacesystems.jcsmp.impl.JCSMPXMLMessageProducer.prep_single_send_message_for_publish(JCSMPXMLMessageProducer.java:948)
	at com.solacesystems.jcsmp.impl.JCSMPXMLMessageProducer.sendToDestination(JCSMPXMLMessageProducer.java:847)
	at com.solacesystems.jcsmp.impl.JCSMPXMLMessageProducer.sendToDestination(JCSMPXMLMessageProducer.java:794)
	at com.solacesystems.jcsmp.impl.JCSMPXMLMessageProducer.send(JCSMPXMLMessageProducer.java:614)
	at com.psa.gtosplus.esb.client.internal.protocol.SmfPubSub.publishMessage(SmfPubSub.java:1903)
	at com.psa.gtosplus.esb.client.internal.protocol.SmfPubSub.stop(SmfPubSub.java:1439)
	at com.psa.gtosplus.esb.client.internal.protocol.SmfPubSub.restartSMF(SmfPubSub.java:2565)
	at com.psa.gtosplus.esb.client.internal.protocol.SmfPubSub$3.onException(SmfPubSub.java:1344)
	at com.solacesystems.jcsmp.protocol.nio.impl.ConsumerErrorNotification.handleNotification(ConsumerErrorNotification.java:39)
	at com.solacesystems.jcsmp.protocol.nio.impl.ConsumerNotificationDispatcher.eventLoop(ConsumerNotificationDispatcher.java:112)
	at com.solacesystems.jcsmp.protocol.nio.impl.ConsumerNotificationDispatcher.run(ConsumerNotificationDispatcher.java:130)
	at java.base/java.lang.Thread.run(Thread.java:842)
2026-05-14 15:30:12.009 [Context_1_ConsumerDispatcher] ERROR c.p.g.esb.client.internal.protocol.SmfPubSub.publishMessage:1911 - SmfPubSub - publishMessage
com.solacesystems.jcsmp.ClosedFacilityException: Tried to perform operation on a closed XML message producer
	at com.solacesystems.jcsmp.impl.JCSMPXMLMessageProducer.throwClosedException(JCSMPXMLMessageProducer.java:1465)
	at com.solacesystems.jcsmp.impl.JCSMPXMLMessageProducer.prep_single_send_message_for_publish(JCSMPXMLMessageProducer.java:948)
	at com.solacesystems.jcsmp.impl.JCSMPXMLMessageProducer.sendToDestination(JCSMPXMLMessageProducer.java:847)
	at com.solacesystems.jcsmp.impl.JCSMPXMLMessageProducer.sendToDestination(JCSMPXMLMessageProducer.java:794)
	at com.solacesystems.jcsmp.impl.JCSMPXMLMessageProducer.send(JCSMPXMLMessageProducer.java:614)
	at com.psa.gtosplus.esb.client.internal.protocol.SmfPubSub.publishMessage(SmfPubSub.java:1903)
	at com.psa.gtosplus.esb.client.internal.protocol.SmfPubSub.start(SmfPubSub.java:1398)
	at com.psa.gtosplus.esb.client.internal.protocol.SmfPubSub.restartSMF(SmfPubSub.java:2567)
	at com.psa.gtosplus.esb.client.internal.protocol.SmfPubSub$3.onException(SmfPubSub.java:1344)
	at com.solacesystems.jcsmp.protocol.nio.impl.ConsumerErrorNotification.handleNotification(ConsumerErrorNotification.java:39)
	at com.solacesystems.jcsmp.protocol.nio.impl.ConsumerNotificationDispatcher.eventLoop(ConsumerNotificationDispatcher.java:112)
	at com.solacesystems.jcsmp.protocol.nio.impl.ConsumerNotificationDispatcher.run(ConsumerNotificationDispatcher.java:130)
	at java.base/java.lang.Thread.run(Thread.java:842)
2026-05-14 15:30:12.009 [Context_1_ConsumerDispatcher] ERROR c.p.g.esb.client.internal.protocol.SmfPubSub.onException:1337 - SmfPubSub2 - onException
com.solacesystems.jcsmp.JCSMPErrorResponseException: 503: Unknown Queue
	at com.solacesystems.jcsmp.impl.flow.BindRequestTask.execute(BindRequestTask.java:204)
	at com.solacesystems.jcsmp.impl.flow.SubFlowManagerImpl.handleAssuredCtrlMessage(SubFlowManagerImpl.java:566)
	at com.solacesystems.jcsmp.protocol.impl.TcpClientChannel.handleAssuredCtrlMsg(TcpClientChannel.java:1659)
	at com.solacesystems.jcsmp.protocol.impl.TcpClientChannel.handleMessage(TcpClientChannel.java:1624)
	at com.solacesystems.jcsmp.protocol.nio.impl.SubscriberMessageReader.processRead(SubscriberMessageReader.java:98)
	at com.solacesystems.jcsmp.protocol.nio.impl.SubscriberMessageReader.read(SubscriberMessageReader.java:138)
	at com.solacesystems.jcsmp.protocol.smf.SimpleSmfClient.read(SimpleSmfClient.java:1166)
	at com.solacesystems.jcsmp.protocol.nio.impl.SyncEventDispatcherReactor.processReactorChannels(SyncEventDispatcherReactor.java:206)
	at com.solacesystems.jcsmp.protocol.nio.impl.SyncEventDispatcherReactor.eventLoop(SyncEventDispatcherReactor.java:157)
	at com.solacesystems.jcsmp.protocol.nio.impl.SyncEventDispatcherReactor$SEDReactorThread.run(SyncEventDispatcherReactor.java:338)
	at java.base/java.lang.Thread.run(Thread.java:842)
2026-05-14 15:30:12.009 [Context_1_ConsumerDispatcher] ERROR c.p.g.esb.client.internal.protocol.SmfPubSub.publishMessage:1911 - SmfPubSub - publishMessage
com.solacesystems.jcsmp.ClosedFacilityException: Tried to perform operation on a closed XML message producer
	at com.solacesystems.jcsmp.impl.JCSMPXMLMessageProducer.throwClosedException(JCSMPXMLMessageProducer.java:1465)
	at com.solacesystems.jcsmp.impl.JCSMPXMLMessageProducer.prep_single_send_message_for_publish(JCSMPXMLMessageProducer.java:948)
	at com.solacesystems.jcsmp.impl.JCSMPXMLMessageProducer.sendToDestination(JCSMPXMLMessageProducer.java:847)
	at com.solacesystems.jcsmp.impl.JCSMPXMLMessageProducer.sendToDestination(JCSMPXMLMessageProducer.java:794)
	at com.solacesystems.jcsmp.impl.JCSMPXMLMessageProducer.send(JCSMPXMLMessageProducer.java:614)
	at com.psa.gtosplus.esb.client.internal.protocol.SmfPubSub.publishMessage(SmfPubSub.java:1903)
	at com.psa.gtosplus.esb.client.internal.protocol.SmfPubSub.stop(SmfPubSub.java:1439)
	at com.psa.gtosplus.esb.client.internal.protocol.SmfPubSub.restartSMF(SmfPubSub.java:2565)
	at com.psa.gtosplus.esb.client.internal.protocol.SmfPubSub$3.onException(SmfPubSub.java:1344)
	at com.solacesystems.jcsmp.protocol.nio.impl.ConsumerErrorNotification.handleNotification(ConsumerErrorNotification.java:39)
	at com.solacesystems.jcsmp.protocol.nio.impl.ConsumerNotificationDispatcher.eventLoop(ConsumerNotificationDispatcher.java:112)
	at com.solacesystems.jcsmp.protocol.nio.impl.ConsumerNotificationDispatcher.run(ConsumerNotificationDispatcher.java:130)
	at java.base/java.lang.Thread.run(Thread.java:842)
2026-05-14 15:30:12.042 [Context_1_ConsumerDispatcher] ERROR c.p.g.esb.client.internal.protocol.SmfPubSub.publishMessage:1911 - SmfPubSub - publishMessage
com.solacesystems.jcsmp.ClosedFacilityException: Tried to perform operation on a closed XML message producer
	at com.solacesystems.jcsmp.impl.JCSMPXMLMessageProducer.throwClosedException(JCSMPXMLMessageProducer.java:1465)
	at com.solacesystems.jcsmp.impl.JCSMPXMLMessageProducer.prep_single_send_message_for_publish(JCSMPXMLMessageProducer.java:948)
	at com.solacesystems.jcsmp.impl.JCSMPXMLMessageProducer.sendToDestination(JCSMPXMLMessageProducer.java:847)
	at com.solacesystems.jcsmp.impl.JCSMPXMLMessageProducer.sendToDestination(JCSMPXMLMessageProducer.java:794)
	at com.solacesystems.jcsmp.impl.JCSMPXMLMessageProducer.send(JCSMPXMLMessageProducer.java:614)
	at com.psa.gtosplus.esb.client.internal.protocol.SmfPubSub.publishMessage(SmfPubSub.java:1903)
	at com.psa.gtosplus.esb.client.internal.protocol.SmfPubSub.start(SmfPubSub.java:1398)
	at com.psa.gtosplus.esb.client.internal.protocol.SmfPubSub.restartSMF(SmfPubSub.java:2567)
	at com.psa.gtosplus.esb.client.internal.protocol.SmfPubSub$3.onException(SmfPubSub.java:1344)
	at com.solacesystems.jcsmp.protocol.nio.impl.ConsumerErrorNotification.handleNotification(ConsumerErrorNotification.java:39)
	at com.solacesystems.jcsmp.protocol.nio.impl.ConsumerNotificationDispatcher.eventLoop(ConsumerNotificationDispatcher.java:112)
	at com.solacesystems.jcsmp.protocol.nio.impl.ConsumerNotificationDispatcher.run(ConsumerNotificationDispatcher.java:130)
	at java.base/java.lang.Thread.run(Thread.java:842)
2026-05-14 15:30:12.042 [Context_1_ConsumerDispatcher] ERROR c.p.g.esb.client.internal.protocol.SmfPubSub.onException:1337 - SmfPubSub2 - onException
com.solacesystems.jcsmp.JCSMPErrorResponseException: 503: Unknown Queue
	at com.solacesystems.jcsmp.impl.flow.BindRequestTask.execute(BindRequestTask.java:204)
	at com.solacesystems.jcsmp.impl.flow.SubFlowManagerImpl.handleAssuredCtrlMessage(SubFlowManagerImpl.java:566)
	at com.solacesystems.jcsmp.protocol.impl.TcpClientChannel.handleAssuredCtrlMsg(TcpClientChannel.java:1659)
	at com.solacesystems.jcsmp.protocol.impl.TcpClientChannel.handleMessage(TcpClientChannel.java:1624)
	at com.solacesystems.jcsmp.protocol.nio.impl.SubscriberMessageReader.processRead(SubscriberMessageReader.java:98)
	at com.solacesystems.jcsmp.protocol.nio.impl.SubscriberMessageReader.read(SubscriberMessageReader.java:138)
	at com.solacesystems.jcsmp.protocol.smf.SimpleSmfClient.read(SimpleSmfClient.java:1166)
	at com.solacesystems.jcsmp.protocol.nio.impl.SyncEventDispatcherReactor.processReactorChannels(SyncEventDispatcherReactor.java:206)
	at com.solacesystems.jcsmp.protocol.nio.impl.SyncEventDispatcherReactor.eventLoop(SyncEventDispatcherReactor.java:157)
	at com.solacesystems.jcsmp.protocol.nio.impl.SyncEventDispatcherReactor$SEDReactorThread.run(SyncEventDispatcherReactor.java:338)
	at java.base/java.lang.Thread.run(Thread.java:842)
2026-05-14 15:30:12.042 [Context_1_ConsumerDispatcher] ERROR c.p.g.esb.client.internal.protocol.SmfPubSub.publishMessage:1911 - SmfPubSub - publishMessage
com.solacesystems.jcsmp.ClosedFacilityException: Tried to perform operation on a closed XML message producer
	at com.solacesystems.jcsmp.impl.JCSMPXMLMessageProducer.throwClosedException(JCSMPXMLMessageProducer.java:1465)
	at com.solacesystems.jcsmp.impl.JCSMPXMLMessageProducer.prep_single_send_message_for_publish(JCSMPXMLMessageProducer.java:948)
	at com.solacesystems.jcsmp.impl.JCSMPXMLMessageProducer.sendToDestination(JCSMPXMLMessageProducer.java:847)
	at com.solacesystems.jcsmp.impl.JCSMPXMLMessageProducer.sendToDestination(JCSMPXMLMessageProducer.java:794)
	at com.solacesystems.jcsmp.impl.JCSMPXMLMessageProducer.send(JCSMPXMLMessageProducer.java:614)
	at com.psa.gtosplus.esb.client.internal.protocol.SmfPubSub.publishMessage(SmfPubSub.java:1903)
	at com.psa.gtosplus.esb.client.internal.protocol.SmfPubSub.stop(SmfPubSub.java:1439)
	at com.psa.gtosplus.esb.client.internal.protocol.SmfPubSub.restartSMF(SmfPubSub.java:2565)
	at com.psa.gtosplus.esb.client.internal.protocol.SmfPubSub$3.onException(SmfPubSub.java:1344)
	at com.solacesystems.jcsmp.protocol.nio.impl.ConsumerErrorNotification.handleNotification(ConsumerErrorNotification.java:39)
	at com.solacesystems.jcsmp.protocol.nio.impl.ConsumerNotificationDispatcher.eventLoop(ConsumerNotificationDispatcher.java:112)
	at com.solacesystems.jcsmp.protocol.nio.impl.ConsumerNotificationDispatcher.run(ConsumerNotificationDispatcher.java:130)
	at java.base/java.lang.Thread.run(Thread.java:842)
2026-05-14 15:30:12.057 [Context_1_ConsumerDispatcher] ERROR c.p.g.esb.client.internal.protocol.SmfPubSub.publishMessage:1911 - SmfPubSub - publishMessage
com.solacesystems.jcsmp.ClosedFacilityException: Tried to perform operation on a closed XML message producer
	at com.solacesystems.jcsmp.impl.JCSMPXMLMessageProducer.throwClosedException(JCSMPXMLMessageProducer.java:1465)
	at com.solacesystems.jcsmp.impl.JCSMPXMLMessageProducer.prep_single_send_message_for_publish(JCSMPXMLMessageProducer.java:948)
	at com.solacesystems.jcsmp.impl.JCSMPXMLMessageProducer.sendToDestination(JCSMPXMLMessageProducer.java:847)
	at com.solacesystems.jcsmp.impl.JCSMPXMLMessageProducer.sendToDestination(JCSMPXMLMessageProducer.java:794)
	at com.solacesystems.jcsmp.impl.JCSMPXMLMessageProducer.send(JCSMPXMLMessageProducer.java:614)
	at com.psa.gtosplus.esb.client.internal.protocol.SmfPubSub.publishMessage(SmfPubSub.java:1903)
	at com.psa.gtosplus.esb.client.internal.protocol.SmfPubSub.start(SmfPubSub.java:1398)
	at com.psa.gtosplus.esb.client.internal.protocol.SmfPubSub.restartSMF(SmfPubSub.java:2567)
	at com.psa.gtosplus.esb.client.internal.protocol.SmfPubSub$3.onException(SmfPubSub.java:1344)
	at com.solacesystems.jcsmp.protocol.nio.impl.ConsumerErrorNotification.handleNotification(ConsumerErrorNotification.java:39)
	at com.solacesystems.jcsmp.protocol.nio.impl.ConsumerNotificationDispatcher.eventLoop(ConsumerNotificationDispatcher.java:112)
	at com.solacesystems.jcsmp.protocol.nio.impl.ConsumerNotificationDispatcher.run(ConsumerNotificationDispatcher.java:130)
	at java.base/java.lang.Thread.run(Thread.java:842)
2026-05-14 15:30:12.057 [Context_1_ConsumerDispatcher] ERROR c.p.g.esb.client.internal.protocol.SmfPubSub.onException:1337 - SmfPubSub2 - onException
com.solacesystems.jcsmp.JCSMPErrorResponseException: 503: Unknown Queue
	at com.solacesystems.jcsmp.impl.flow.BindRequestTask.execute(BindRequestTask.java:204)
	at com.solacesystems.jcsmp.impl.flow.SubFlowManagerImpl.handleAssuredCtrlMessage(SubFlowManagerImpl.java:566)
	at com.solacesystems.jcsmp.protocol.impl.TcpClientChannel.handleAssuredCtrlMsg(TcpClientChannel.java:1659)
	at com.solacesystems.jcsmp.protocol.impl.TcpClientChannel.handleMessage(TcpClientChannel.java:1624)
	at com.solacesystems.jcsmp.protocol.nio.impl.SubscriberMessageReader.processRead(SubscriberMessageReader.java:98)
	at com.solacesystems.jcsmp.protocol.nio.impl.SubscriberMessageReader.read(SubscriberMessageReader.java:138)
	at com.solacesystems.jcsmp.protocol.smf.SimpleSmfClient.read(SimpleSmfClient.java:1166)
	at com.solacesystems.jcsmp.protocol.nio.impl.SyncEventDispatcherReactor.processReactorChannels(SyncEventDispatcherReactor.java:206)
	at com.solacesystems.jcsmp.protocol.nio.impl.SyncEventDispatcherReactor.eventLoop(SyncEventDispatcherReactor.java:157)
	at com.solacesystems.jcsmp.protocol.nio.impl.SyncEventDispatcherReactor$SEDReactorThread.run(SyncEventDispatcherReactor.java:338)
	at java.base/java.lang.Thread.run(Thread.java:842)
2026-05-14 15:30:12.073 [Context_1_ConsumerDispatcher] ERROR c.p.g.esb.client.internal.protocol.SmfPubSub.publishMessage:1911 - SmfPubSub - publishMessage
com.solacesystems.jcsmp.ClosedFacilityException: Tried to perform operation on a closed XML message producer
	at com.solacesystems.jcsmp.impl.JCSMPXMLMessageProducer.throwClosedException(JCSMPXMLMessageProducer.java:1465)
	at com.solacesystems.jcsmp.impl.JCSMPXMLMessageProducer.prep_single_send_message_for_publish(JCSMPXMLMessageProducer.java:948)
	at com.solacesystems.jcsmp.impl.JCSMPXMLMessageProducer.sendToDestination(JCSMPXMLMessageProducer.java:847)
	at com.solacesystems.jcsmp.impl.JCSMPXMLMessageProducer.sendToDestination(JCSMPXMLMessageProducer.java:794)
	at com.solacesystems.jcsmp.impl.JCSMPXMLMessageProducer.send(JCSMPXMLMessageProducer.java:614)
	at com.psa.gtosplus.esb.client.internal.protocol.SmfPubSub.publishMessage(SmfPubSub.java:1903)
	at com.psa.gtosplus.esb.client.internal.protocol.SmfPubSub.stop(SmfPubSub.java:1439)
	at com.psa.gtosplus.esb.client.internal.protocol.SmfPubSub.restartSMF(SmfPubSub.java:2565)
	at com.psa.gtosplus.esb.client.internal.protocol.SmfPubSub$3.onException(SmfPubSub.java:1344)
	at com.solacesystems.jcsmp.protocol.nio.impl.ConsumerErrorNotification.handleNotification(ConsumerErrorNotification.java:39)
	at com.solacesystems.jcsmp.protocol.nio.impl.ConsumerNotificationDispatcher.eventLoop(ConsumerNotificationDispatcher.java:112)
	at com.solacesystems.jcsmp.protocol.nio.impl.ConsumerNotificationDispatcher.run(ConsumerNotificationDispatcher.java:130)
	at java.base/java.lang.Thread.run(Thread.java:842)
2026-05-14 15:30:12.092 [Context_1_ConsumerDispatcher] ERROR c.p.g.esb.client.internal.protocol.SmfPubSub.publishMessage:1911 - SmfPubSub - publishMessage
com.solacesystems.jcsmp.ClosedFacilityException: Tried to perform operation on a closed XML message producer
	at com.solacesystems.jcsmp.impl.JCSMPXMLMessageProducer.throwClosedException(JCSMPXMLMessageProducer.java:1465)
	at com.solacesystems.jcsmp.impl.JCSMPXMLMessageProducer.prep_single_send_message_for_publish(JCSMPXMLMessageProducer.java:948)
	at com.solacesystems.jcsmp.impl.JCSMPXMLMessageProducer.sendToDestination(JCSMPXMLMessageProducer.java:847)
	at com.solacesystems.jcsmp.impl.JCSMPXMLMessageProducer.sendToDestination(JCSMPXMLMessageProducer.java:794)
	at com.solacesystems.jcsmp.impl.JCSMPXMLMessageProducer.send(JCSMPXMLMessageProducer.java:614)
	at com.psa.gtosplus.esb.client.internal.protocol.SmfPubSub.publishMessage(SmfPubSub.java:1903)
	at com.psa.gtosplus.esb.client.internal.protocol.SmfPubSub.start(SmfPubSub.java:1398)
	at com.psa.gtosplus.esb.client.internal.protocol.SmfPubSub.restartSMF(SmfPubSub.java:2567)
	at com.psa.gtosplus.esb.client.internal.protocol.SmfPubSub$3.onException(SmfPubSub.java:1344)
	at com.solacesystems.jcsmp.protocol.nio.impl.ConsumerErrorNotification.handleNotification(ConsumerErrorNotification.java:39)
	at com.solacesystems.jcsmp.protocol.nio.impl.ConsumerNotificationDispatcher.eventLoop(ConsumerNotificationDispatcher.java:112)
	at com.solacesystems.jcsmp.protocol.nio.impl.ConsumerNotificationDispatcher.run(ConsumerNotificationDispatcher.java:130)
	at java.base/java.lang.Thread.run(Thread.java:842)
2026-05-14 15:30:12.092 [Context_1_ConsumerDispatcher] ERROR c.p.g.esb.client.internal.protocol.SmfPubSub.onException:1337 - SmfPubSub2 - onException
com.solacesystems.jcsmp.JCSMPErrorResponseException: 503: Unknown Queue
	at com.solacesystems.jcsmp.impl.flow.BindRequestTask.execute(BindRequestTask.java:204)
	at com.solacesystems.jcsmp.impl.flow.SubFlowManagerImpl.handleAssuredCtrlMessage(SubFlowManagerImpl.java:566)
	at com.solacesystems.jcsmp.protocol.impl.TcpClientChannel.handleAssuredCtrlMsg(TcpClientChannel.java:1659)
	at com.solacesystems.jcsmp.protocol.impl.TcpClientChannel.handleMessage(TcpClientChannel.java:1624)
	at com.solacesystems.jcsmp.protocol.nio.impl.SubscriberMessageReader.processRead(SubscriberMessageReader.java:98)
	at com.solacesystems.jcsmp.protocol.nio.impl.SubscriberMessageReader.read(SubscriberMessageReader.java:138)
	at com.solacesystems.jcsmp.protocol.smf.SimpleSmfClient.read(SimpleSmfClient.java:1166)
	at com.solacesystems.jcsmp.protocol.nio.impl.SyncEventDispatcherReactor.processReactorChannels(SyncEventDispatcherReactor.java:206)
	at com.solacesystems.jcsmp.protocol.nio.impl.SyncEventDispatcherReactor.eventLoop(SyncEventDispatcherReactor.java:157)
	at com.solacesystems.jcsmp.protocol.nio.impl.SyncEventDispatcherReactor$SEDReactorThread.run(SyncEventDispatcherReactor.java:338)
	at java.base/java.lang.Thread.run(Thread.java:842)
2026-05-14 15:30:12.092 [Context_1_ConsumerDispatcher] ERROR c.p.g.esb.client.internal.protocol.SmfPubSub.publishMessage:1911 - SmfPubSub - publishMessage
com.solacesystems.jcsmp.ClosedFacilityException: Tried to perform operation on a closed XML message producer
	at com.solacesystems.jcsmp.impl.JCSMPXMLMessageProducer.throwClosedException(JCSMPXMLMessageProducer.java:1465)
	at com.solacesystems.jcsmp.impl.JCSMPXMLMessageProducer.prep_single_send_message_for_publish(JCSMPXMLMessageProducer.java:948)
	at com.solacesystems.jcsmp.impl.JCSMPXMLMessageProducer.sendToDestination(JCSMPXMLMessageProducer.java:847)
	at com.solacesystems.jcsmp.impl.JCSMPXMLMessageProducer.sendToDestination(JCSMPXMLMessageProducer.java:794)
	at com.solacesystems.jcsmp.impl.JCSMPXMLMessageProducer.send(JCSMPXMLMessageProducer.java:614)
	at com.psa.gtosplus.esb.client.internal.protocol.SmfPubSub.publishMessage(SmfPubSub.java:1903)
	at com.psa.gtosplus.esb.client.internal.protocol.SmfPubSub.stop(SmfPubSub.java:1439)
	at com.psa.gtosplus.esb.client.internal.protocol.SmfPubSub.restartSMF(SmfPubSub.java:2565)
	at com.psa.gtosplus.esb.client.internal.protocol.SmfPubSub$3.onException(SmfPubSub.java:1344)
	at com.solacesystems.jcsmp.protocol.nio.impl.ConsumerErrorNotification.handleNotification(ConsumerErrorNotification.java:39)
	at com.solacesystems.jcsmp.protocol.nio.impl.ConsumerNotificationDispatcher.eventLoop(ConsumerNotificationDispatcher.java:112)
	at com.solacesystems.jcsmp.protocol.nio.impl.ConsumerNotificationDispatcher.run(ConsumerNotificationDispatcher.java:130)
	at java.base/java.lang.Thread.run(Thread.java:842)
2026-05-14 15:30:12.123 [Context_1_ConsumerDispatcher] ERROR c.p.g.esb.client.internal.protocol.SmfPubSub.publishMessage:1911 - SmfPubSub - publishMessage
com.solacesystems.jcsmp.ClosedFacilityException: Tried to perform operation on a closed XML message producer
	at com.solacesystems.jcsmp.impl.JCSMPXMLMessageProducer.throwClosedException(JCSMPXMLMessageProducer.java:1465)
	at com.solacesystems.jcsmp.impl.JCSMPXMLMessageProducer.prep_single_send_message_for_publish(JCSMPXMLMessageProducer.java:948)
	at com.solacesystems.jcsmp.impl.JCSMPXMLMessageProducer.sendToDestination(JCSMPXMLMessageProducer.java:847)
	at com.solacesystems.jcsmp.impl.JCSMPXMLMessageProducer.sendToDestination(JCSMPXMLMessageProducer.java:794)
	at com.solacesystems.jcsmp.impl.JCSMPXMLMessageProducer.send(JCSMPXMLMessageProducer.java:614)
	at com.psa.gtosplus.esb.client.internal.protocol.SmfPubSub.publishMessage(SmfPubSub.java:1903)
	at com.psa.gtosplus.esb.client.internal.protocol.SmfPubSub.start(SmfPubSub.java:1398)
	at com.psa.gtosplus.esb.client.internal.protocol.SmfPubSub.restartSMF(SmfPubSub.java:2567)
	at com.psa.gtosplus.esb.client.internal.protocol.SmfPubSub$3.onException(SmfPubSub.java:1344)
	at com.solacesystems.jcsmp.protocol.nio.impl.ConsumerErrorNotification.handleNotification(ConsumerErrorNotification.java:39)
	at com.solacesystems.jcsmp.protocol.nio.impl.ConsumerNotificationDispatcher.eventLoop(ConsumerNotificationDispatcher.java:112)
	at com.solacesystems.jcsmp.protocol.nio.impl.ConsumerNotificationDispatcher.run(ConsumerNotificationDispatcher.java:130)
	at java.base/java.lang.Thread.run(Thread.java:842)
2026-05-14 15:30:12.123 [Context_1_ConsumerDispatcher] ERROR c.p.g.esb.client.internal.protocol.SmfPubSub.onException:1337 - SmfPubSub2 - onException
com.solacesystems.jcsmp.JCSMPErrorResponseException: 503: Unknown Queue
	at com.solacesystems.jcsmp.impl.flow.BindRequestTask.execute(BindRequestTask.java:204)
	at com.solacesystems.jcsmp.impl.flow.SubFlowManagerImpl.handleAssuredCtrlMessage(SubFlowManagerImpl.java:566)
	at com.solacesystems.jcsmp.protocol.impl.TcpClientChannel.handleAssuredCtrlMsg(TcpClientChannel.java:1659)
	at com.solacesystems.jcsmp.protocol.impl.TcpClientChannel.handleMessage(TcpClientChannel.java:1624)
	at com.solacesystems.jcsmp.protocol.nio.impl.SubscriberMessageReader.processRead(SubscriberMessageReader.java:98)
	at com.solacesystems.jcsmp.protocol.nio.impl.SubscriberMessageReader.read(SubscriberMessageReader.java:138)
	at com.solacesystems.jcsmp.protocol.smf.SimpleSmfClient.read(SimpleSmfClient.java:1166)
	at com.solacesystems.jcsmp.protocol.nio.impl.SyncEventDispatcherReactor.processReactorChannels(SyncEventDispatcherReactor.java:206)
	at com.solacesystems.jcsmp.protocol.nio.impl.SyncEventDispatcherReactor.eventLoop(SyncEventDispatcherReactor.java:157)
	at com.solacesystems.jcsmp.protocol.nio.impl.SyncEventDispatcherReactor$SEDReactorThread.run(SyncEventDispatcherReactor.java:338)
	at java.base/java.lang.Thread.run(Thread.java:842)
2026-05-14 15:30:12.123 [Context_1_ConsumerDispatcher] ERROR c.p.g.esb.client.internal.protocol.SmfPubSub.publishMessage:1911 - SmfPubSub - publishMessage
com.solacesystems.jcsmp.ClosedFacilityException: Tried to perform operation on a closed XML message producer
	at com.solacesystems.jcsmp.impl.JCSMPXMLMessageProducer.throwClosedException(JCSMPXMLMessageProducer.java:1465)
	at com.solacesystems.jcsmp.impl.JCSMPXMLMessageProducer.prep_single_send_message_for_publish(JCSMPXMLMessageProducer.java:948)
	at com.solacesystems.jcsmp.impl.JCSMPXMLMessageProducer.sendToDestination(JCSMPXMLMessageProducer.java:847)
	at com.solacesystems.jcsmp.impl.JCSMPXMLMessageProducer.sendToDestination(JCSMPXMLMessageProducer.java:794)
	at com.solacesystems.jcsmp.impl.JCSMPXMLMessageProducer.send(JCSMPXMLMessageProducer.java:614)
	at com.psa.gtosplus.esb.client.internal.protocol.SmfPubSub.publishMessage(SmfPubSub.java:1903)
	at com.psa.gtosplus.esb.client.internal.protocol.SmfPubSub.stop(SmfPubSub.java:1439)
	at com.psa.gtosplus.esb.client.internal.protocol.SmfPubSub.restartSMF(SmfPubSub.java:2565)
	at com.psa.gtosplus.esb.client.internal.protocol.SmfPubSub$3.onException(SmfPubSub.java:1344)
	at com.solacesystems.jcsmp.protocol.nio.impl.ConsumerErrorNotification.handleNotification(ConsumerErrorNotification.java:39)
	at com.solacesystems.jcsmp.protocol.nio.impl.ConsumerNotificationDispatcher.eventLoop(ConsumerNotificationDispatcher.java:112)
	at com.solacesystems.jcsmp.protocol.nio.impl.ConsumerNotificationDispatcher.run(ConsumerNotificationDispatcher.java:130)
	at java.base/java.lang.Thread.run(Thread.java:842)
2026-05-14 15:30:12.159 [Context_1_ConsumerDispatcher] ERROR c.p.g.esb.client.internal.protocol.SmfPubSub.publishMessage:1911 - SmfPubSub - publishMessage
com.solacesystems.jcsmp.ClosedFacilityException: Tried to perform operation on a closed XML message producer
	at com.solacesystems.jcsmp.impl.JCSMPXMLMessageProducer.throwClosedException(JCSMPXMLMessageProducer.java:1465)
	at com.solacesystems.jcsmp.impl.JCSMPXMLMessageProducer.prep_single_send_message_for_publish(JCSMPXMLMessageProducer.java:948)
	at com.solacesystems.jcsmp.impl.JCSMPXMLMessageProducer.sendToDestination(JCSMPXMLMessageProducer.java:847)
	at com.solacesystems.jcsmp.impl.JCSMPXMLMessageProducer.sendToDestination(JCSMPXMLMessageProducer.java:794)
	at com.solacesystems.jcsmp.impl.JCSMPXMLMessageProducer.send(JCSMPXMLMessageProducer.java:614)
	at com.psa.gtosplus.esb.client.internal.protocol.SmfPubSub.publishMessage(SmfPubSub.java:1903)
	at com.psa.gtosplus.esb.client.internal.protocol.SmfPubSub.start(SmfPubSub.java:1398)
	at com.psa.gtosplus.esb.client.internal.protocol.SmfPubSub.restartSMF(SmfPubSub.java:2567)
	at com.psa.gtosplus.esb.client.internal.protocol.SmfPubSub$3.onException(SmfPubSub.java:1344)
	at com.solacesystems.jcsmp.protocol.nio.impl.ConsumerErrorNotification.handleNotification(ConsumerErrorNotification.java:39)
	at com.solacesystems.jcsmp.protocol.nio.impl.ConsumerNotificationDispatcher.eventLoop(ConsumerNotificationDispatcher.java:112)
	at com.solacesystems.jcsmp.protocol.nio.impl.ConsumerNotificationDispatcher.run(ConsumerNotificationDispatcher.java:130)
	at java.base/java.lang.Thread.run(Thread.java:842)
2026-05-14 15:30:12.160 [Context_1_ConsumerDispatcher] ERROR c.p.g.esb.client.internal.protocol.SmfPubSub.onException:1337 - SmfPubSub2 - onException
com.solacesystems.jcsmp.JCSMPErrorResponseException: 503: Unknown Queue
	at com.solacesystems.jcsmp.impl.flow.BindRequestTask.execute(BindRequestTask.java:204)
	at com.solacesystems.jcsmp.impl.flow.SubFlowManagerImpl.handleAssuredCtrlMessage(SubFlowManagerImpl.java:566)
	at com.solacesystems.jcsmp.protocol.impl.TcpClientChannel.handleAssuredCtrlMsg(TcpClientChannel.java:1659)
	at com.solacesystems.jcsmp.protocol.impl.TcpClientChannel.handleMessage(TcpClientChannel.java:1624)
	at com.solacesystems.jcsmp.protocol.nio.impl.SubscriberMessageReader.processRead(SubscriberMessageReader.java:98)
	at com.solacesystems.jcsmp.protocol.nio.impl.SubscriberMessageReader.read(SubscriberMessageReader.java:138)
	at com.solacesystems.jcsmp.protocol.smf.SimpleSmfClient.read(SimpleSmfClient.java:1166)
	at com.solacesystems.jcsmp.protocol.nio.impl.SyncEventDispatcherReactor.processReactorChannels(SyncEventDispatcherReactor.java:206)
	at com.solacesystems.jcsmp.protocol.nio.impl.SyncEventDispatcherReactor.eventLoop(SyncEventDispatcherReactor.java:157)
	at com.solacesystems.jcsmp.protocol.nio.impl.SyncEventDispatcherReactor$SEDReactorThread.run(SyncEventDispatcherReactor.java:338)
	at java.base/java.lang.Thread.run(Thread.java:842)
2026-05-14 15:30:12.161 [Context_1_ConsumerDispatcher] ERROR c.p.g.esb.client.internal.protocol.SmfPubSub.publishMessage:1911 - SmfPubSub - publishMessage
com.solacesystems.jcsmp.ClosedFacilityException: Tried to perform operation on a closed XML message producer
	at com.solacesystems.jcsmp.impl.JCSMPXMLMessageProducer.throwClosedException(JCSMPXMLMessageProducer.java:1465)
	at com.solacesystems.jcsmp.impl.JCSMPXMLMessageProducer.prep_single_send_message_for_publish(JCSMPXMLMessageProducer.java:948)
	at com.solacesystems.jcsmp.impl.JCSMPXMLMessageProducer.sendToDestination(JCSMPXMLMessageProducer.java:847)
	at com.solacesystems.jcsmp.impl.JCSMPXMLMessageProducer.sendToDestin